-- MySQL dump 10.13  Distrib 5.7.19, for Linux (x86_64)
--
-- Host: localhost    Database: 
-- ------------------------------------------------------
-- Server version	5.7.19-0ubuntu0.16.04.1

/*!40101 SET @OLD_CHARACTER_SET_CLIENT=@@CHARACTER_SET_CLIENT */;
/*!40101 SET @OLD_CHARACTER_SET_RESULTS=@@CHARACTER_SET_RESULTS */;
/*!40101 SET @OLD_COLLATION_CONNECTION=@@COLLATION_CONNECTION */;
/*!40101 SET NAMES utf8 */;
/*!40103 SET @OLD_TIME_ZONE=@@TIME_ZONE */;
/*!40103 SET TIME_ZONE='+00:00' */;
/*!40014 SET @OLD_UNIQUE_CHECKS=@@UNIQUE_CHECKS, UNIQUE_CHECKS=0 */;
/*!40014 SET @OLD_FOREIGN_KEY_CHECKS=@@FOREIGN_KEY_CHECKS, FOREIGN_KEY_CHECKS=0 */;
/*!40101 SET @OLD_SQL_MODE=@@SQL_MODE, SQL_MODE='NO_AUTO_VALUE_ON_ZERO' */;
/*!40111 SET @OLD_SQL_NOTES=@@SQL_NOTES, SQL_NOTES=0 */;

--
-- Current Database: `algo`
--

CREATE DATABASE /*!32312 IF NOT EXISTS*/ `algo` /*!40100 DEFAULT CHARACTER SET latin1 */;

USE `algo`;

--
-- Table structure for table `attendInfo`
--

DROP TABLE IF EXISTS `attendInfo`;
/*!40101 SET @saved_cs_client     = @@character_set_client */;
/*!40101 SET character_set_client = utf8 */;
CREATE TABLE `attendInfo` (
  `userId` varchar(100) NOT NULL,
  `contestId` int(11) NOT NULL,
  PRIMARY KEY (`userId`,`contestId`),
  KEY `contestId` (`contestId`),
  CONSTRAINT `attendInfo_ibfk_1` FOREIGN KEY (`userId`) REFERENCES `user` (`userId`),
  CONSTRAINT `attendInfo_ibfk_2` FOREIGN KEY (`contestId`) REFERENCES `contest` (`contestId`) ON DELETE CASCADE ON UPDATE CASCADE
) ENGINE=InnoDB DEFAULT CHARSET=utf8;
/*!40101 SET character_set_client = @saved_cs_client */;

--
-- Dumping data for table `attendInfo`
--

LOCK TABLES `attendInfo` WRITE;
/*!40000 ALTER TABLE `attendInfo` DISABLE KEYS */;
/*!40000 ALTER TABLE `attendInfo` ENABLE KEYS */;
UNLOCK TABLES;

--
-- Table structure for table `code_preview`
--

DROP TABLE IF EXISTS `code_preview`;
/*!40101 SET @saved_cs_client     = @@character_set_client */;
/*!40101 SET character_set_client = utf8 */;
CREATE TABLE `code_preview` (
  `questionId` int(11) NOT NULL,
  `code` text NOT NULL,
  `language` varchar(10) NOT NULL,
  KEY `questionId` (`questionId`),
  CONSTRAINT `code_preview_ibfk_1` FOREIGN KEY (`questionId`) REFERENCES `question` (`questionId`)
) ENGINE=InnoDB DEFAULT CHARSET=latin1;
/*!40101 SET character_set_client = @saved_cs_client */;

--
-- Dumping data for table `code_preview`
--

LOCK TABLES `code_preview` WRITE;
/*!40000 ALTER TABLE `code_preview` DISABLE KEYS */;
/*!40000 ALTER TABLE `code_preview` ENABLE KEYS */;
UNLOCK TABLES;

--
-- Table structure for table `contest`
--

DROP TABLE IF EXISTS `contest`;
/*!40101 SET @saved_cs_client     = @@character_set_client */;
/*!40101 SET character_set_client = utf8 */;
CREATE TABLE `contest` (
  `contestId` int(11) NOT NULL AUTO_INCREMENT,
  `subject` varchar(100) NOT NULL,
  `context` mediumtext NOT NULL,
  `startTime` datetime NOT NULL,
  `endTime` datetime NOT NULL,
  PRIMARY KEY (`contestId`)
) ENGINE=InnoDB AUTO_INCREMENT=38 DEFAULT CHARSET=utf8;
/*!40101 SET character_set_client = @saved_cs_client */;

--
-- Dumping data for table `contest`
--

LOCK TABLES `contest` WRITE;
/*!40000 ALTER TABLE `contest` DISABLE KEYS */;
INSERT INTO `contest` VALUES (35,'2017 전반기 프로그래밍 경진대회 기출','<p>2017년 전반기 프로그래밍 경진대회 기출문제 입니다.</p>\n','2017-11-12 22:21:16','2017-12-31 12:59:00'),(37,'2017 후반기 프로그래밍 경진대회','<ol>\n	<li>C언어 혹은 Java 언어를 이용해서 프로그램을 작성해야 합니다.</li>\n	<li>작성한 프로그램은 입력 후 <strong>1초이내에 답을 출력해야</strong> 합니다. 1초이상 시간이 걸리면 틀린 것으로 간주합니다.</li>\n	<li>주어진 문제를 자세히 읽고 완전히 이해한 후에 프로그램을 작성하고, 문제가 이해가 안 되는 부분은 조교를 통해 질문하세요.</li>\n	<li>문제에서 <strong>주어진 입출력 형식을 반드시 따라야</strong> 하며, 별도의 출력(예를 들어, &ldquo;정수 n=?&rdquo;)을 하면 안됩니다.</li>\n	<li>대회 중에는 <strong>인터넷 접속 및 메신저 접속, 참고서적 열람이 금지</strong>되며, 이를 어길 시에는 강제 퇴실됩니다.</li>\n</ol>\n','2017-11-28 17:29:33','2017-11-28 19:30:00');
/*!40000 ALTER TABLE `contest` ENABLE KEYS */;
UNLOCK TABLES;

--
-- Table structure for table `contestAdmin`
--

DROP TABLE IF EXISTS `contestAdmin`;
/*!40101 SET @saved_cs_client     = @@character_set_client */;
/*!40101 SET character_set_client = utf8 */;
CREATE TABLE `contestAdmin` (
  `contestId` int(11) NOT NULL,
  `userId` varchar(100) NOT NULL
) ENGINE=InnoDB DEFAULT CHARSET=latin1;
/*!40101 SET character_set_client = @saved_cs_client */;

--
-- Dumping data for table `contestAdmin`
--

LOCK TABLES `contestAdmin` WRITE;
/*!40000 ALTER TABLE `contestAdmin` DISABLE KEYS */;
INSERT INTO `contestAdmin` VALUES (24,'201611841'),(30,'201611841'),(35,'201215595'),(37,'201611841');
/*!40000 ALTER TABLE `contestAdmin` ENABLE KEYS */;
UNLOCK TABLES;

--
-- Table structure for table `groups`
--

DROP TABLE IF EXISTS `groups`;
/*!40101 SET @saved_cs_client     = @@character_set_client */;
/*!40101 SET character_set_client = utf8 */;
CREATE TABLE `groups` (
  `groupNum` int(11) NOT NULL AUTO_INCREMENT,
  `parentsGroup` int(11) DEFAULT NULL,
  `groupName` varchar(100) DEFAULT NULL,
  PRIMARY KEY (`groupNum`),
  KEY `parentsGroup` (`parentsGroup`),
  CONSTRAINT `groups_ibfk_1` FOREIGN KEY (`parentsGroup`) REFERENCES `groups` (`groupNum`) ON DELETE CASCADE ON UPDATE CASCADE
) ENGINE=InnoDB AUTO_INCREMENT=60 DEFAULT CHARSET=utf8;
/*!40101 SET character_set_client = @saved_cs_client */;

--
-- Dumping data for table `groups`
--

LOCK TABLES `groups` WRITE;
/*!40000 ALTER TABLE `groups` DISABLE KEYS */;
INSERT INTO `groups` VALUES (59,NULL,'question-bank');
/*!40000 ALTER TABLE `groups` ENABLE KEYS */;
UNLOCK TABLES;

--
-- Table structure for table `language`
--

DROP TABLE IF EXISTS `language`;
/*!40101 SET @saved_cs_client     = @@character_set_client */;
/*!40101 SET character_set_client = utf8 */;
CREATE TABLE `language` (
  `questionId` int(11) NOT NULL,
  `language` varchar(10) NOT NULL,
  PRIMARY KEY (`questionId`,`language`),
  CONSTRAINT `language_ibfk_1` FOREIGN KEY (`questionId`) REFERENCES `question` (`questionId`) ON DELETE CASCADE ON UPDATE CASCADE
) ENGINE=InnoDB DEFAULT CHARSET=latin1;
/*!40101 SET character_set_client = @saved_cs_client */;

--
-- Dumping data for table `language`
--

LOCK TABLES `language` WRITE;
/*!40000 ALTER TABLE `language` DISABLE KEYS */;
INSERT INTO `language` VALUES (132,'Java'),(133,'C'),(133,'C++'),(133,'Java'),(133,'Python2'),(133,'Python3'),(134,'Java'),(136,'C'),(136,'C++'),(136,'Java'),(136,'Python2'),(136,'Python3'),(162,'C'),(162,'C++'),(163,'C'),(163,'C++'),(166,'C'),(166,'C++'),(167,'C'),(167,'C++'),(178,'C++'),(185,'C'),(185,'Java'),(186,'C'),(186,'Java'),(187,'C'),(187,'Java'),(188,'C'),(188,'Java'),(189,'C'),(189,'Java'),(190,'C'),(190,'Java'),(191,'C'),(191,'Java'),(199,'C'),(199,'Java'),(200,'C'),(200,'Java'),(201,'C'),(201,'Java'),(202,'C'),(202,'Java'),(207,'C'),(207,'C++'),(207,'Java'),(209,'C'),(209,'Java');
/*!40000 ALTER TABLE `language` ENABLE KEYS */;
UNLOCK TABLES;

--
-- Table structure for table `notice`
--

DROP TABLE IF EXISTS `notice`;
/*!40101 SET @saved_cs_client     = @@character_set_client */;
/*!40101 SET character_set_client = utf8 */;
CREATE TABLE `notice` (
  `noticeNumber` int(11) NOT NULL AUTO_INCREMENT,
  `subject` varchar(100) NOT NULL,
  `context` longtext NOT NULL,
  `writer` varchar(100) NOT NULL,
  `date` datetime NOT NULL,
  `userId` varchar(100) NOT NULL,
  PRIMARY KEY (`noticeNumber`)
) ENGINE=InnoDB AUTO_INCREMENT=31 DEFAULT CHARSET=utf8;
/*!40101 SET character_set_client = @saved_cs_client */;

--
-- Dumping data for table `notice`
--

LOCK TABLES `notice` WRITE;
/*!40000 ALTER TABLE `notice` DISABLE KEYS */;
INSERT INTO `notice` VALUES (26,'BETA입니다.','<p>BETA 테스트 중 입니다..</p>\n\n<p>버그&nbsp;발견시 제보 부탁 드립니다..</p>\n','손민성','2017-09-05 14:00:49','201215595'),(29,'간략한 사용 방법 입니다.','<p><img alt=\"\" src=\"http://p3.kyonggi.ac.kr:8087/main/dist/img/example.PNG\" /></p>\n\n<p>&nbsp;</p>\n\n<p>간단한 사용방법 입니다.</p>\n\n<p>자세한 사용법은 추후 업로드 하도록 하겠습니다.</p>\n\n<p>소스 에디터는 크기조절이 가능합니다.</p>\n','손민성','2017-09-07 19:11:56','201215595'),(30,'현재 테스트중입니다.','<p>내용을 입력해 주세요.</p>\n','손민성','2017-09-09 15:45:27','201215595');
/*!40000 ALTER TABLE `notice` ENABLE KEYS */;
UNLOCK TABLES;

--
-- Table structure for table `probGroup`
--

DROP TABLE IF EXISTS `probGroup`;
/*!40101 SET @saved_cs_client     = @@character_set_client */;
/*!40101 SET character_set_client = utf8 */;
CREATE TABLE `probGroup` (
  `questionId` int(11) NOT NULL,
  `groupNum` int(11) NOT NULL,
  PRIMARY KEY (`questionId`,`groupNum`),
  KEY `groupNum` (`groupNum`),
  CONSTRAINT `probGroup_ibfk_1` FOREIGN KEY (`questionId`) REFERENCES `question` (`questionId`),
  CONSTRAINT `probGroup_ibfk_2` FOREIGN KEY (`groupNum`) REFERENCES `groups` (`groupNum`) ON DELETE CASCADE ON UPDATE CASCADE
) ENGINE=InnoDB DEFAULT CHARSET=latin1;
/*!40101 SET character_set_client = @saved_cs_client */;

--
-- Dumping data for table `probGroup`
--

LOCK TABLES `probGroup` WRITE;
/*!40000 ALTER TABLE `probGroup` DISABLE KEYS */;
/*!40000 ALTER TABLE `probGroup` ENABLE KEYS */;
UNLOCK TABLES;

--
-- Table structure for table `question`
--

DROP TABLE IF EXISTS `question`;
/*!40101 SET @saved_cs_client     = @@character_set_client */;
/*!40101 SET character_set_client = utf8 */;
CREATE TABLE `question` (
  `questionId` int(11) NOT NULL AUTO_INCREMENT,
  `writer` varchar(100) NOT NULL,
  `subject` varchar(100) DEFAULT NULL,
  `context` mediumtext NOT NULL,
  `probHash` varchar(50) NOT NULL,
  `displayNone` varchar(100) NOT NULL,
  `level` varchar(10) NOT NULL,
  `startdate` datetime DEFAULT NULL,
  `deadline` datetime DEFAULT NULL,
  `time` int(11) NOT NULL,
  `userId` varchar(100) NOT NULL,
  `contestId` int(11) DEFAULT NULL,
  `date` datetime DEFAULT NULL,
  PRIMARY KEY (`questionId`)
) ENGINE=InnoDB AUTO_INCREMENT=210 DEFAULT CHARSET=utf8;
/*!40101 SET character_set_client = @saved_cs_client */;

--
-- Dumping data for table `question`
--

LOCK TABLES `question` WRITE;
/*!40000 ALTER TABLE `question` DISABLE KEYS */;
INSERT INTO `question` VALUES (132,'이은정','[베타테스트용] 간단한 합계 프로그램','<p>다음과 같은 기능을 하도록 자바 프로그램을 작성하세요.</p>\n\n<p>숫자 여러 개가 들어오고 0이 입력되면 입력이 끝난&nbsp;것으로 본다.</p>\n\n<p>입력된 숫자의 합계를 출력한다. (숫자 하나만 출력되어야&nbsp;함)</p>\n\n<p>&nbsp;</p>\n\n<p>예1:</p>\n\n<p>2 3 4 5 0</p>\n\n<p>14</p>\n\n<p>예2:</p>\n\n<p>11 22 33 44 0</p>\n\n<p>110</p>\n','9f025d5edbeb3334e989ec24f6e8dab0','false','하',NULL,NULL,2,'20000251',NULL,'2017-09-11 03:23:54'),(133,'이은정','[베타테스트] 우수 선수 수 계산 프로그램','<p>다음은 한 줄에 선수의 시도 기록이 저장되어 있다. 여러 번의 시도 점수가 나오고 0이 나오면 그 선수의 점수가 끝난 것으로 본다.</p>\n\n<p>점수 없이 바로 0이 들어오면 선수 입력이 종료된 것으로 본다.</p>\n\n<p>각 선수의 점수에서&nbsp;최대값 45 이상, 최소값 10 이상인 경우를 우수 선수라고 한다.</p>\n\n<p>입력예)</p>\n\n<p>&nbsp; &nbsp;4 &nbsp; 14 &nbsp; &nbsp;6 &nbsp; &nbsp;20 &nbsp; 40 &nbsp; 28 &nbsp; &nbsp;0<br />\n&nbsp; &nbsp;31 &nbsp; 36 &nbsp; 12 &nbsp; 27 &nbsp; &nbsp;0<br />\n&nbsp; &nbsp;41 &nbsp; 22 &nbsp; &nbsp;1 &nbsp; &nbsp;5 &nbsp; &nbsp;0<br />\n&nbsp; &nbsp;31 &nbsp; 23 &nbsp; 14 &nbsp; &nbsp;9 &nbsp; 39 &nbsp; 28 &nbsp; &nbsp;0<br />\n&nbsp; &nbsp; 24 &nbsp; 37 &nbsp; 14 &nbsp; &nbsp;46 0<br />\n&nbsp; &nbsp;27 &nbsp; 41 &nbsp; &nbsp;9 &nbsp; 13 &nbsp; 47 &nbsp; 47 &nbsp; 16 &nbsp; 0<br />\n&nbsp; &nbsp;26 &nbsp; &nbsp;8 &nbsp; 34 &nbsp; 45 &nbsp; 34 &nbsp; &nbsp;0<br />\n0</p>\n\n<p>결과)</p>\n\n<p>1</p>\n\n<p>결과는 숫자 하나만 나와야 하고 그 이외의 표시나 문자가 출력되면 오류로 처리된다.</p>\n\n<p>위 예에서는 다섯번째 선수가 최대 46, 최소 14여서 우수 선수이고 나머지는 다 조건을 만족하지 않는다.</p>\n\n<p>프로그램 작성시 각 선수의 점수를 처리하는 클래스를 만들고 그것을 관리하는 클래스를 따로 만들어 주세요.</p>\n','2e8a504464d5b434124999e8c65aa42a','false','중',NULL,NULL,2,'20000251',NULL,'2017-09-11 03:23:54'),(134,'이은정','[베타테스트] 학생 이름 바꾸기','<p>학생정보가 다음과 같이 아이디 이름 성별(m/f), 학년으로 입력된다.</p>\n\n<p>1 kim m 3</p>\n\n<p>이것을 학생 클래스 객체 배열에 읽어들여 1, 2, 3, 4학년 순서대로 여학생의 이름을 출력하도록 프로그램을 작성하시오.</p>\n\n<p>단 이름은 같은 이름이 있는 경우 kim, kim(1), kim(2) 이런 식으로 번호를 붙여 나가서 구분해 준다.</p>\n\n<p>입력예)</p>\n\n<p>1 lee 3 m<br />\n2 kim 4 m<br />\n3 cho 3 f<br />\n4 park 2 m<br />\n5 kang 3 f<br />\n6 lee 2 m<br />\n0</p>\n\n<p>출력예)</p>\n\n<p>cho kang&nbsp;</p>\n\n<p>&nbsp;</p>\n\n<p>입력예2)</p>\n\n<p>1 lee 3 m<br />\n2 kim 4 m<br />\n3 cho 3 f<br />\n4 park 1 f<br />\n5 kang 3 f<br />\n6 lee 2 f<br />\n7 kim 3 f<br />\n8 choi 1 f<br />\n9 chung 2 f<br />\n0</p>\n\n<p>출력예2)</p>\n\n<p>park choi&nbsp;lee(1) chung&nbsp;cho kang kim(1)&nbsp;</p>\n\n<p>* 설명 : lee와 kim은 각각 두번째 나온 학생이 여학생이므로 lee(1)과 kim(1)로 표시되었고 학년별 여학생이 나온 순서대로 출력된다.</p>\n','0a504875692f8cf7310792d7067461d5','false','중',NULL,NULL,2,'20000251',NULL,'2017-09-11 03:23:54'),(136,'관리자','프로그래밍 연습용 페이지, [절대 삭제 금지]','<p>프로그래밍 연습을 위한 페이지.</p>\n','80d3aef5b3a842358f1ab4969cd86ccc','true','중',NULL,NULL,2,'201215595',NULL,'2017-09-11 03:23:54'),(162,'이현','테스트 문제 1','<p>&quot;냐옹이&quot;를 출력하세요.</p>\n','2e13e3a7643647c8ce88264fd3bbfbc3','false','하','2017-09-11 16:38:05','2017-09-20 16:38:00',2,'201611841',24,'2017-09-11 03:23:54'),(163,'이현','테스트 문제 2','<p>&quot;강아지&quot;를 출력하세요.</p>\n','006e68ee64725eece964b441fbc80eb4','false','하','2017-09-11 16:38:05','2017-09-20 16:38:00',2,'201611841',24,'2017-09-11 03:23:54'),(166,'이현','테스트 문제 3','<p>&quot;쫄쫄이&quot;를 출력하세요.</p>\n','e80d5bd23b562b9cc0b07d68dcc310bb','false','하','2017-09-11 16:41:23','2017-09-20 16:38:00',2,'201611841',24,'2017-09-11 16:43:22'),(167,'이현','테스트 문제 4','<p>&quot;꾸에엑&quot;을 출력하세요.</p>\n','bb0bfc20aacfe88bbb6b360fc52f6f95','false','하','2017-09-12 14:01:00','2017-09-20 16:38:00',2,'201611841',24,'2017-09-11 18:18:05'),(178,'이현','qdwqwdqdw','<p>wqwqqq</p>\n','547732076d3e4a59596681c764439ad4','false','중','2017-11-17 05:05:00','2017-11-24 05:05:00',2,'201611841',30,'2017-11-09 05:05:45'),(185,'관리자','최대공약수','<p>어떤 자연수의 약수는 그 자연수를 나누었을 때 나머지가 0이 되는 자연수를 말한다. 두 자연수 <em>N</em>과 <em>M</em>의 최대공약수란 <em>N</em>의 약수이면서 <em>M</em>의 약수이기도 한 수들 중에 가장 큰 것을 말한다.</p>\n\n<p>두 자연수 <em>N</em>과 <em>M</em>이 입력으로 주어질 때, <em>N</em>과 <em>M</em>의 최대공약수를 계산하여 출력하는 프로그램을 작성하시오.</p>\n\n<p><strong>입력</strong></p>\n\n<p>어떤 자연수의 약수는 그 자연수를 나누었을 때 나머지가 0이 되는 자연수를 말한다. 두 자연수 <em>N</em>과 <em>M</em>의 최대공약수란 <em>N</em>의 약수이면서 <em>M</em>의 약수이기도 한 수들 중에 가장 큰 것을 말한다.</p>\n\n<p><strong>출력</strong></p>\n\n<p>두 자연수 <em>N</em>과 <em>M</em>이 입력으로 주어질 때, <em>N</em>과 <em>M</em>의 최대공약수를 계산하여 출력하는 프로그램을 작성하시오.</p>\n','2cb4b39196c33ec0d381cbc07914b37a','false','하','2017-11-12 22:23:31','2017-12-31 12:59:00',2,'201215595',35,'2017-11-12 22:26:39'),(186,'관리자','3N+1','<p>유명한 3N+1 문제는 Collatz에 의해 처음 제안되었고 다음과 같은 함수를 바탕으로 한다.</p>\n\n<p>&nbsp;</p>\n\n<p>&nbsp; &nbsp; &nbsp; &nbsp; &nbsp; &nbsp; &nbsp; &nbsp; &nbsp; &nbsp; &nbsp; &nbsp; &nbsp; &nbsp; &nbsp; &nbsp; &nbsp; &nbsp; &nbsp;<img src=\"http://latex.codecogs.com/gif.latex?F(N)=\\left\\{\\begin{matrix}&amp;space;\\frac{N}{2},N is Even&amp;&amp;space;&amp;&amp;space;\\\\&amp;space;3N+1,N is&amp;space;Odd&amp;space;&amp;&amp;space;\\end{matrix}\\right.\" /></p>\n\n<p>&nbsp;</p>\n\n<p>3N+1 문제는 모든 자연수 <em>N</em><img src=\"file:///C:\\Users\\Minsung\\AppData\\Local\\Temp\\msohtmlclip1\\01\\clip_image001.png\" style=\"height:15pt; width:8.25pt\" /> 에 대해 위의 함수를 반복적으로 적용하면 최종적으로는 1에 도달하게 되는지에 대한 질문이다. <em>N</em><img src=\"file:///C:\\Users\\Minsung\\AppData\\Local\\Temp\\msohtmlclip1\\01\\clip_image001.png\" style=\"height:15pt; width:8.25pt\" /> 이 <em>2</em><em>60</em>&nbsp;이하인 경우에는 항상 <em>F</em><img src=\"file:///C:\\Users\\Minsung\\AppData\\Local\\Temp\\msohtmlclip1\\01\\clip_image003.png\" style=\"height:15pt; width:7.5pt\" /> 를 반복적으로 적용하여 1에 도달할 수 있음을 실험적으로 확인한 바 있다고 한다.</p>\n\n<p>예를 들면, <em>N=6</em>&nbsp;에서 시작한다면, <em>F</em><img src=\"file:///C:\\Users\\Minsung\\AppData\\Local\\Temp\\msohtmlclip1\\01\\clip_image003.png\" style=\"height:15pt; width:7.5pt\" /> 를 8번 적용하면</p>\n\n<p><strong>&nbsp;&nbsp;&nbsp; 6 -&gt;&nbsp;3 -&gt; 10 -&gt; 5 -&gt;&nbsp;16 -&gt; 8 -&gt; 4 -&gt; 2 -&gt; 1</strong></p>\n\n<p>와 같이 1에 도달하게 된다.</p>\n\n<p>1에 도달한 후에는 더이상 <em>F</em><img src=\"file:///C:\\Users\\Minsung\\AppData\\Local\\Temp\\msohtmlclip1\\01\\clip_image003.png\" style=\"height:15pt; width:7.5pt\" /> 를 적용하지 않으며, 따라서 6이 1이 되기까지 <em>F</em><img src=\"file:///C:\\Users\\Minsung\\AppData\\Local\\Temp\\msohtmlclip1\\01\\clip_image003.png\" style=\"height:15pt; width:7.5pt\" /> 의 적용횟수는 8회라고 일컫는다. 참고로, <em>N=1</em>&nbsp;인 경우 필요한 <em>F&nbsp;</em>의 적용횟수는 0회이다,</p>\n\n<p>임의의 1이상의 정수 <em>N</em><img src=\"file:///C:\\Users\\Minsung\\AppData\\Local\\Temp\\msohtmlclip1\\01\\clip_image001.png\" style=\"height:15pt; width:8.25pt\" /> 이 주어질 경우에 1이 되기까지의 <em>F</em><img src=\"file:///C:\\Users\\Minsung\\AppData\\Local\\Temp\\msohtmlclip1\\01\\clip_image003.png\" style=\"height:15pt; width:7.5pt\" /> 의 적용횟수를 계산하는 프로그램을 작성하시오.</p>\n\n<p>&nbsp;</p>\n\n<p><strong>입력</strong></p>\n\n<p>입력은 표준입력(standard input; 키보드를 통한 입력)을 사용한다. 입력은 한 줄에 정수 <em>N</em>이 주어진다. <em>N</em>는 최소 1, 최대 100,000이다.</p>\n\n<p><strong>출력</strong></p>\n\n<p>출력은 표준출력(standard output; 모니터 화면에 출력)을 사용한다. 주어진 정수 <em>N</em><img src=\"file:///C:\\Users\\Minsung\\AppData\\Local\\Temp\\msohtmlclip1\\01\\clip_image001.png\" style=\"height:15pt; width:8.25pt\" /> 에 대하여 1이 되기까지의 <em>F</em><img src=\"file:///C:\\Users\\Minsung\\AppData\\Local\\Temp\\msohtmlclip1\\01\\clip_image002.png\" style=\"height:15pt; width:7.5pt\" /> 의 적용횟수를 정확히 정수 형태로 출력한다</p>\n','a360a628e988ebae731646597a37b11d','false','중','2017-11-12 22:45:00','2017-12-31 12:59:00',2,'201215595',35,'2017-11-12 22:44:42'),(187,'관리자','Euler’s Phi Function','<p>18세기 수학자 오일러(Euler)는 수많은 업적을 남겼으며, 우리는 덕분에 수학이나 물리 혹은 컴퓨터 관련 전공 내용에서도 심심찮게 그의 이름을 들을 수 있게 되었다.<br />\n그의 이름을 따온 공식이나 정리는 수없이 많은데, 그 중에 오일러의 파이 함수 (Euler&rsquo;s &phi; function)는 암호나 보안 분야에서도 응용되고 있다.</p>\n\n<p>오일러의 파이 함수 <em>&phi;</em>는 임의의 자연수 <em>n</em>에 대해 아래와 같이 정의된다.</p>\n\n<p><em>&phi;</em>(<em>n</em>) = (<em>n</em>이하이고 <em>n</em>과 서로 소인(즉, 최대공약수가 1인) 자연수의 개수)</p>\n\n<p>이를 테면, 1과 1의 최대공약수가 1이므로 <em>&phi;</em>(1) = 1이며, 6의 경우 1, 5가 각각 6과의 최대공약수가 1이므로 <em>&phi;</em>(6) = 2이다. 또한, <em>&phi;</em>(9) = 6이다.</p>\n\n<p>자연수 <em>N</em>과 <em>K</em>가 입력으로 주어질 때에 <em>&phi;</em>(<em>n</em>) &ge; <em>n</em> &ndash; <em>K</em> 이고 <em>n</em> &le; <em>N</em>인 자연수 <em>n</em>의 개수를 세어 출력하는 프로그램을 작성하시오.</p>\n\n<p>&nbsp;</p>\n\n<p><strong>입력</strong></p>\n\n<p>입력은 표준입력(standard input; 키보드를 통한 입력)을 사용한다. 입력은 한 줄에 자연수 <em>N</em>과 <em>K</em>가 주어진다. <em>N</em>과 <em>K</em>는 모두 1 이상, 600 이하이다.</p>\n\n<p><strong>출력</strong></p>\n\n<p>출력은 표준출력(standard output; 모니터 화면에 출력)을 사용한다. 주어진 입력에 대한 답을 정수 형태로 한 줄에 출력한다.</p>\n','2973380830030ab71c7267b453c90d89','false','중','2017-11-12 22:48:00','2017-12-31 12:59:00',2,'201215595',35,'2017-11-12 22:48:15'),(188,'관리자','직육면체의 대각','<p>최근 블록쌓기 놀이에 푹 빠져 있는 동현이를 위해 아버지인 철수는 변의 길이가 1인 정육면체 형태의 블록을 <em>N</em>개 사주었다.<br />\n동현이는 이 블록들을 이용하여 직육면체 형태를 만들기를 특히 좋아하였는데,<br />\n철수가 생각지도 못한 여러 가지 다른 크기와 형태의 직육면체를 만들기도 하였다.</p>\n\n<p><img alt=\"\" src=\"./dist/img/square.jpg\" style=\"height:350px; width:350px\" /></p>\n\n<p><strong>(그림 1) 동현이가 만든 직육면체 중 하나. 이 경우는 대각선의 길이가 정수가 아니다.</strong></p>\n\n<p>&nbsp;</p>\n\n<p>평소에도 수학에 관심이 있던 철수는 어느 날 동현이가 블록으로 만든 직육면체를 보다가 그 직육면체의 대각선의 길이가 정수가 된다는 걸 알아챘다.<br />\n직육면체의 대각선이란 직육면체의 꼭지점 중 가장 먼 둘을 이은 선을 말한다. 철수는 어떤 경우에 직육면체의 대각선의 길이가 정수가 되는지 알고 싶다.</p>\n\n<p>한 변의 길이가 1인 정육면체 블록 <em>N</em>개 이하를 이용하여 만들 수 있는 직육면체 중에서 대각선의 길이가 정확히 정수가 되는 것들의 개수를 세는 프로그램을 작성하시오.<br />\n두 직육면체는 회전하였을 때 일치하거나 서로 거울상(mirror image)으로 보이면 같은 것으로 취급한다.</p>\n\n<p>&nbsp;</p>\n\n<p><strong>입력</strong></p>\n\n<p>입력은 표준입력(standard input; 키보드를 통한 입력)을 사용한다. 입력은 첫 줄에 블록 개수인 <em>N</em>이 정수형태로 주어지며, <em>N</em>은 최소 1, 최대 100,000이다.</p>\n\n<p><strong>출력</strong></p>\n\n<p>출력은 표준출력(standard output; 모니터 화면에 출력)을 사용한다. 입력으로 주어진 <em>N</em>에 대해 <em>N</em>개의 블록으로 만들 수 있는 직육면체 모양 중 대각선의 길이가 정확히 정수가 되는 것들의 개수를 출력한다.</p>\n','f33dcb8abdc7d0441de90c1d8a2df30c','false','중','2017-11-12 22:49:00','2017-12-31 12:59:00',2,'201215595',35,'2017-11-12 22:54:22'),(189,'관리자','삼각형','<p><em>n&nbsp;</em>개의 봉이 있습니다. 봉 <em>i&nbsp;</em>의 길이는 <img src=\"http://latex.codecogs.com/gif.latex?a_{i}\" /> 입니다. 경기대 학생이 3개의 봉을 선택하여 가능한 넓이가 가장 큰 삼각형을 만들려고 합니다. 넓이가 가장 큰 삼각형의 3변의 길이를 구하세요. (만약 삼각형을 만들 수 없는 경우에는 0을 답합니다.)</p>\n\n<p>힌트: 3변의 길이를 알 때 삼각형의 넓이를 구하는 공식</p>\n\n<p>삼각형의 세 변의 길이 <em>a, b, c</em>를 알고, 세변의 길이로부터 <em>s</em>의 값을 공식 <img src=\"http://latex.codecogs.com/gif.latex?s=\\frac{a+b+c}{2}\" />을 활용해서 구한다. 이 후 넓이 <em>S</em>는 공식 1을 활용하여 삼각형의 세 변의 길이 <em>a, b, c</em> 그리고 <em>s</em>의 값을 넣어 구할 수 있다.</p>\n\n<p><em><img src=\"http://latex.codecogs.com/gif.latex?s&amp;space;=&amp;space;\\sqrt{s(s-a)(s-b)(s-b)}\" /> ---------------------------------------(1)</em></p>\n\n<p>&nbsp;</p>\n\n<p>아래와 같이 5개의 봉이 있고, 각 봉의 길이가 2, 3, 4, 5, 10인 봉이 존재할 경우를 예를 들어보자.</p>\n\n<p><img alt=\"\" src=\"./dist/img/bar1.png\" style=\"height:104px; width:564px\" /></p>\n\n<p>이 때 그림 1과 같이 3개의 봉을 골라 가능한 넓이가 가장 큰 삼각형을 만든다.</p>\n\n<p><img alt=\"\" src=\"./dist/img/bar2.png\" /></p>\n\n<p><strong>(</strong><strong>그림 </strong><strong>1</strong><strong>) </strong><strong>세 변의 길이가 3, 4, 5인 삼각형</strong></p>\n\n<p>&nbsp;</p>\n\n<p>세 변의 길이가 3, 4, 5에서 <em>s</em>의 값은 &nbsp; 이 된다. 이 때 공식 1을 사용하여 삼각형의 넓이가 6이 된다는 것을 알 수 있다.</p>\n\n<p>&nbsp;</p>\n\n<p><img src=\"http://latex.codecogs.com/gif.latex?s&amp;space;=&amp;space;\\sqrt{6(6-3)(6-4)(6-5)}=6\" /></p>\n','727363cb556e1d15379c5934470d435b','false','중','2017-11-12 22:57:23','2017-12-31 12:59:00',2,'201215595',35,'2017-11-12 23:13:10'),(190,'관리자','피보나치 수의 개수','<p>피보나치 수는 다음과 같은 식으로 정의된다.</p>\n\n<p>&nbsp;</p>\n\n<p><img src=\"http://latex.codecogs.com/gif.latex?\\\\f_1:=1&amp;space;\\\\f_2:=2&amp;space;\\\\f_n:=f_{n-1}+f_{n-2}(n\\geq&amp;space;3)\" /></p>\n\n<p><em>a</em>와 <em>b</em>라는 두 수가 주어지고, 피보나치 딜레마의 수인 <em>c</em>가 주워졌을때 [<em>a,b</em>]구간에 피보나치의 수의 개수를 계산한다.<br />\n이 때 피보나치 수의 마지막 자리 숫자 (맨 오른쪽에 있는 숫자)가 피보나치 딜레마의 수인 <em>c</em>와 같을 경우 피보나치 수의 개수 카운트에서 제외시킨다.</p>\n\n<p>&nbsp;</p>\n\n<p><strong>힌트</strong><strong>: </strong><strong>자바에서</strong><strong> </strong><strong>큰</strong><strong> </strong><strong>숫자를</strong><strong> </strong><strong>다루는</strong><strong> Library</strong><strong>인</strong><strong> BigInteger </strong><strong>활용하면</strong><strong> </strong><strong>큰</strong><strong> </strong><strong>수를</strong><strong> </strong><strong>쉽게</strong><strong> </strong><strong>다룰</strong><strong> </strong><strong>수</strong><strong> </strong><strong>있음</strong><strong>.</strong></p>\n\n<p>&nbsp;</p>\n\n<p><strong>&lt;</strong><strong>클래스</strong><strong>:</strong> java.math.BigInteger&gt;</p>\n\n<p><strong>생성자</strong><strong>:</strong> public BigInteger(String val)</p>\n\n<p><strong>비교</strong><strong>:</strong> public int compareTo(BigInteger val), <strong>반환값</strong><strong>:</strong> 같으면 0, 작으면 -1, 크면 1</p>\n\n<p><strong>덧셈연산</strong><strong>:</strong> public BigInteger add(BigInteger val), <strong>반환값</strong><strong>:</strong> 덧셈한 결과 BigInteger</p>\n\n<p><strong>나머지연산</strong><strong>:</strong> public BigInteger remainder(BigInteger val), <strong>반환값</strong><strong>:</strong> 나머지 결과 BigInteger</p>\n\n<p>BigInteger에 0 값 명시: BigInteger.ZERO</p>\n\n<p>BigInteger에 1 값 명시: BigInteger.ONE</p>\n\n<p>&lt;클래스: java.util.Scanner&gt;</p>\n\n<p>BigInteger 입력 받기: public BigInteger nextBigInteger()</p>\n\n<p>&nbsp;&nbsp;&nbsp;&nbsp;&nbsp;&nbsp;&nbsp;&nbsp;&nbsp; Ex) BigInteger a = sc.nextBigInteger();</p>\n\n<p>&nbsp;</p>\n\n<p><strong>입력</strong></p>\n\n<p>입력은 표준입력(standard input; 키보드를 통한 입력)을 사용한다. 입력은 한 줄에 정수 <em>a</em>, <em>b</em>, <em>c</em>가 주어진다. 각 정수의 범위는 <img src=\"http://latex.codecogs.com/gif.latex?2&lt;a\\leq&amp;space;b\\leq&amp;space;10^{100}\" /> 이며, <img src=\"http://latex.codecogs.com/gif.latex?0\\leq&amp;space;c\\leq&amp;space;9\" /> 이다.</p>\n\n<p><strong>출력</strong></p>\n\n<p>출력은 표준출력(standard output; 모니터 화면에 출력)을 사용한다. 주어진 정수 <em>a, b, c</em>에 대하여 피보나치의 수를 정확히 정수 형태로 출력한다.</p>\n','701597f474c23e07c812cc1254dc97ee','false','중','2017-11-12 23:22:00','2017-12-31 12:59:00',2,'201215595',35,'2017-11-12 23:22:23'),(191,'관리자','클래스 자르기 (Cutting Class)','<p>&nbsp;</p>\n\n<p>하나의 프로그램을 효율적으로 객체화시키기 위해서는 한 클래스의 코드를 잘 절단시켜 여러 개의 클래스로 구조화 시킬 수가 있다. 효율적인 프로그래밍 기법으로 잘 알려진 이공대학 컴퓨터과학과에서는 클래스를 구조화시키기 위해 쪼개진 클래스의 코드길이에 따라 요금을 부과한다. 코드 절단 시 두 가지 규칙이 존재하는데, 우선 클래스 구조상 코드의 절단은 한 번에 하나씩만 할 수 있다. 그리고 코드 절단 시 해당 코드 라인의 다음 줄을 절단한다고 가정한다. 요금은 코드 절단 전 구간 전체 길이의 수가 된다. 예를 들어 코드길이가 10인 클래스를 자르면 비용은 10이며, 쪼개진 클래스 길이가 4인 코드를 절단할 경우 비용은 4가 된다.</p>\n\n<p>코드절단 순서에 따라 요금이 달라진다는 것은 그리 어렵지 않게 알 수 있다. 예를 들어 전체 코드라인 10인 클래스의 처음부터 2, 4, 7라인에서 코드를 구조화 하는 경우를 생각해보자. 구조화 시킬 수 있는 방법은 매우 다양하다. 처음에 2번째 라인에서 자르고 그 다음에 4번째 라인, 마지막으로 7번째 라인에서 자를 수도 있다. 이렇게 하면 요금은 10+8+6=24가 된다. 첫 번째 코드의 길이는 10이고, 그 다음 코드의 길이는 8라인이였고, 마지막으로 코드의 길이가 6라인 이였기 때문이다. 하지만 일단 4번째 라인에서 자르고 2번째 라인에서 자른 후 마지막으로 7번째 라인에서 자른다면 요금이 10+4+6=20이 되기 때문에, 앞에서 잘랐던 방법으로 하는 것보다 요금을 줄일 수 있다. 어떤 클래스가 주어졌을 때, 최소 절단 요금을 구하는 프로그램을 만들어보자.</p>\n\n<p>&nbsp;</p>\n\n<p><strong>입력</strong></p>\n\n<p>입력은 표준입력(standard input; 키보드를 통한 입력)을 사용한다. 입력은 세 줄로 구성되어 있다. 첫째 줄에는 자를 클래스의 코드길이를 나타내는 양의 정수 <em>l</em><img src=\"file:///C:\\Users\\Minsung\\AppData\\Local\\Temp\\msohtmlclip1\\01\\clip_image001.png\" style=\"height:15pt; width:3.75pt\" /> 이 입력된다. <em>l</em><img src=\"file:///C:\\Users\\Minsung\\AppData\\Local\\Temp\\msohtmlclip1\\01\\clip_image001.png\" style=\"height:15pt; width:3.75pt\" /> 은 1,000 이하라고 가정하자. 그 다음 줄에는 잘라야 될 횟수 <em>n</em>(<em>n</em>&lt;50)&nbsp;이 입력된다.</p>\n\n<p>그 다음 줄에는 <img src=\"http://latex.codecogs.com/gif.latex?c_i(0&lt;c_i&lt;l)\" />가 입력되는데, 이 숫자들은 코드를 잘라야 할 위치를 나타내며, 오름차순으로 입력된다. (같은 정수가 두 번 입력되는 일은 없다).</p>\n\n<p>&nbsp;</p>\n\n<p><strong>출력</strong></p>\n\n<p>출력은 표준출력(standard output; 모니터 화면에 출력)을 사용한다. 주어진 입력에 대한 답을 정수 형태 최소비용이 한 줄에 출력한다. 예를 들어 최소 비용이 200일 경우 &ldquo;200&rdquo;이 출력된다.</p>\n','7b1b1df3ba10f4354d100a638e502e8a','false','중','2017-11-12 23:23:36','2017-12-31 12:59:00',2,'201215595',35,'2017-11-12 23:26:59'),(199,'관리자','문제 A – Happy Number','<p>&nbsp;자연수 n에 대해, f(n)은 n을 10진수로 표현했을 때의 각 자릿수의 제곱의 합을 의미하는 함수이다.</p>\n\n<p>&nbsp;예를 들어, n=19이면 <img alt=\"1^{2}+9^{2}=82\" src=\"http://latex.codecogs.com/gif.latex?​​1^{2}+9^{2}=82\" style=\"height:14px; width:75px\" />이므로 <img alt=\"\" src=\"http://latex.codecogs.com/gif.latex?f\\left ( 19 \\right )=82\" style=\"height:14px; width:68px\" />이다.</p>\n\n<p>&nbsp;이 함수를 n부터 시작하여 연속적으로 적용하면, 결국 1이 되는 경우가 있다. 그런 정수를 행복한 수(happy number)라고 부른다. 예를 들어, n=19인 경우,<br />\n&nbsp;&nbsp;&nbsp;&nbsp;&nbsp;&nbsp;&nbsp;&nbsp;&nbsp;&nbsp;&nbsp;&nbsp; <img alt=\"f\\left ( 19 \\right )=1^{2}+9^{2}=82\" src=\"http://latex.codecogs.com/gif.latex?f\\left ( 19 \\right )=1^{2}+9^{2}=82\" style=\"height:20px; width:166px\" /><br />\n&nbsp; &nbsp; &nbsp; &nbsp; &nbsp; &nbsp;<em>&nbsp;&nbsp;<img alt=\"\" src=\"http://latex.codecogs.com/gif.latex?f\\left ( 82 \\right )=8^{2}+2^{2}=68\" style=\"height:20px; width:166px\" /></em><br />\n&nbsp; &nbsp; &nbsp; &nbsp; &nbsp; &nbsp;<em>&nbsp;&nbsp;<img alt=\"\" src=\"http://latex.codecogs.com/gif.latex?f\\left ( 68 \\right )=6^{2}+8^{2}=100\" style=\"height:20px; width:175px\" /></em><br />\n&nbsp; &nbsp; &nbsp; &nbsp; &nbsp; &nbsp;<em>&nbsp;&nbsp;<img alt=\"\" src=\"http://latex.codecogs.com/gif.latex?f\\left ( 100 \\right )=1^{2}+0^{2}+0^{2}=1\" style=\"height:20px; width:203px\" /></em><br />\n가 되므로, 19는 행복한 수이다. 하지만 모든 자연수가 행복한 수이지는 않다. 5에서 출발한다면 5는 행복한 수가 아니라는 것을 쉽게 알 수 있다. 자연수 n이 행복한 수가 아닌 경우에는 위 함수를 연속적으로 적용할 때 아래와 같은 사이클이 형성된다는 것이 알려져 있다고 한다.</p>\n\n<p>&nbsp;&nbsp;&nbsp;&nbsp;&nbsp;&nbsp;&nbsp;&nbsp;&nbsp;&nbsp;&nbsp;&nbsp;4&rarr;16&rarr;37&rarr;58&rarr;89&rarr;145&rarr;42&rarr;20&rarr;4</p>\n\n<p>임의의 자연수가 입력으로 주어질 때, 그것이 행복한 수인지 아닌지를 알아내는 프로그램을 작성하시오.</p>\n\n<p>&nbsp;</p>\n\n<h2><strong>입력</strong></h2>\n\n<p>입력은 표준입력(standard input; 키보드를 통한 입력)을 사용한다. 입력은 한 줄에 자연수 n이 주어지며, n의 범위는 1 이상 1,000,000,000 이하이다.</p>\n\n<h2><strong>출력</strong></h2>\n\n<p>출력은 표준출력(standard output; 모니터 화면에 출력)을 사용한다. 주어진 자연수 n이 행복한 수이 &ldquo;HAPPY&rdquo;를 아니면 &ldquo;UNHAPPY&rdquo;를 한 줄에 출력하라. <strong>&nbsp;</strong></p>\n','723dbcea92280a5068bc070903e876f3','false','하','2017-11-28 17:29:00','2017-11-28 19:30:00',1,'201611841',37,'2017-11-24 22:59:41'),(200,'관리자','문제 B – Queen’s Problem','<p>&nbsp;체스(chess)에서 가장 오래된 전략 시뮬레이션 보드게임 중 하나로 체스판 위의 말들을 잘 조정하여 상대의 왕(king)을 잡는 게임이다. 여러 종류의 말들 중, 퀸(Queen)은 가장 강력한 힘을 자랑하는데 한 번에 대각선 또는 직선으로 이동거리의 제한 없이 움직일 수 있으며 그 중에 상대의 말이 있으면 잡을 수 있다. 아래의 왼쪽 그림과 같이 검은 원의 위치에 퀸에 있다면 회색 원의 위치 중 한 곳으로 한번에 이동할 수 있다.</p>\n\n<p><img alt=\"\" src=\"./dist/img/chess0.gif\" style=\"height:161px; width:160px\" />&nbsp;&nbsp;<img alt=\"\" src=\"./dist/img/chess1.jpg\" style=\"height:161px; width:162px\" /></p>\n\n<p>&nbsp;이 문제에서는 약간 상황을 달리 하여 N x N 크기의 체스판 위에 N개의 퀸이 놓여 있을 경우를 가정한다. 여왕들은 서로가 서로에게 위험한 상황을 만들고 싶어하지 않는다. 이를 테면, 두 개의 퀸이 서로 공격 가능한 위치에 있을 경우 (예를 들면, 서로 직선 혹은 대각선 위치에 놓여 있을 경우)에는 여왕들은 위험한 상황에 있게 되며, 매우 언짢아 한다. 위 그림 중 오른쪽 상황은 N = 8인 경우에 8개의 퀸이 모두 안전하게 위치하고 있는 경우를 그린 것이다.</p>\n\n<p>&nbsp;자연수 N과 N개의 퀸의 위치가 주어질 때에 이들이 위험한 상황에 있는지 아닌지 판단하는 프로그램을 작성하시오. 퀸의 위치는 체스판에서 (x, y)의 좌표로 주어지며 맨 왼쪽 아래 구석의 위치를 (1, 1)로, 맨 오른쪽 위 구석의 위치를 (N, N)으로 한다.</p>\n\n<p>&nbsp;</p>\n\n<h2><strong>입력</strong></h2>\n\n<p>입력은 표준입력(standard input; 키보드를 통한 입력)을 사용한다. 입력은 첫 줄에 자연수 N이 주어지고, 그 이후 N개의 줄에 N개의 퀸의 위치가 두 개의 자연수로 주어진다. N의 범위는 1~1000 이다.</p>\n\n<h2><strong>출력</strong></h2>\n\n<p>출력은 표준출력(standard output; 모니터 화면에 출력)을 사용한다. 주어진 입력에 대해 현재 상태가 위험한 상황이면 DANGER, 그렇지 않으면 SAFE라고 한 줄에 출력한다.</p>\n','e82436c5e51adb3f3f67055c6b87d115','false','하','2017-11-28 17:30:00','2017-11-28 19:30:00',1,'201611841',37,'2017-11-24 23:07:31'),(201,'관리자','문제 C – Word','<p>&nbsp;영문자 a, b, c, d, e, f, g, h의 8 글자로 만들 수 있는 순열(permutation)은 총 40,320개가 있다. 이들을 전부 사전순서로 배열하여 차례대로 번호를 매기면 아래와 같다.</p>\n\n<p>&nbsp; &nbsp; &nbsp; &nbsp; &nbsp; &nbsp; &nbsp; &nbsp; &nbsp; &nbsp; &nbsp;<img alt=\"\" src=\"./dist/img/word.png\" style=\"height:200px; width:151px\" /></p>\n\n<p>&nbsp;위와 같이 a, b, c, d, e, f, g, h의 8자의 순열인 문자열이 주어졌을 때에, 그것이 몇 번째인지 출력하는 프로그램을 작성하시오.</p>\n\n<p>&nbsp;</p>\n\n<h2><strong>입력</strong></h2>\n\n<p>입력은 표준입력(standard input; 키보드를 통한 입력)을 사용한다. 입력은 첫 줄에 a, b, c, d, e, f, g, h의 순열(8글자의 단어)이 하나 주어진다.</p>\n\n<h2><strong>출력</strong></h2>\n\n<p>출력은 표준출력(standard output; 모니터 화면에 출력)을 사용한다. 주어진 단어의 순서가 몇 번째인지 한 줄에 출력한다.</p>\n','6ea831e54ee5a7168b71951d3e9c4912','false','중','2017-11-28 17:30:00','2017-11-28 19:30:00',1,'201611841',37,'2017-11-24 23:13:39'),(202,'관리자','문제 D – 스티커','<p>&nbsp;당신의 어린 여동생인 봉숙이는 2N개의 작은 스티커가 2행, N열 꼴로 배치되어 있는 스티커 세트를 선물로 받았다. 아래 그림의 왼쪽을 참고하라. 봉숙이는 스티커를 이용해서 자기 책상을 꾸미고 싶어한다. 그런데 문제는 이 스티커 세트의 품질이 좋지 못하여 하나의 스티커를 떼어내면 그것과 위, 아래, 왼쪽, 오른쪽과 접해 있는 스티커들이 손상되어 쓸 수 없게 된다는 점이다.</p>\n\n<p><img alt=\"\" src=\"./dist/img/sticker0.png\" style=\"height:150px; width:336px\" />&nbsp;&nbsp;<img alt=\"\" src=\"./dist/img/sticker1.png\" style=\"height:150px; width:332px\" /></p>\n\n<p>&nbsp;어쩔 줄 몰라 하는 봉숙이에게 당신은 각 스티커에 점수를 매기고 그 점수의 합이 최대가 되도록 가능한 스티커들을 골라보면 어떻겠냐고 조언해주었다. 봉숙이는 위의 오른쪽 그림과 같이 각 스티커에 점수를 주었으나, 그 다음에는 어떡해야 할 지를 몰랐다. 봉숙이를 도울 수 있는 프로그램을 작성하라. 즉, 2N개의 스티커에 대한 점수들이 입력으로 주어질 때에, 점수의 합이 최대인 서로 인접하지 않은 스티커들을 골라내는 프로그램이다.</p>\n\n<p>&nbsp;예를 들어 위의 오른쪽 그림과 같이 10개의 스티커에 점수가 매겨져 있을 경우, 얻을 수 있는 최대 점수의 합은 260이다. (50, 50, 100, 60점인 스티커 4개를 고르는 것이 최선이다.) 안타깝게도 이 경우에는 봉숙이가 두 번째로 좋아하는 70점짜리 스티커를 고를 수가 없다.</p>\n\n<p>&nbsp;</p>\n\n<h2><strong>입력</strong></h2>\n\n<p>입력은 표준입력(standard input; 키보드를 통한 입력)을 사용한다. 입력은 세 줄로 주어진다. 첫 줄에는 정수 N이 주어지며 범위는 1이상 100,000이하이다. 그 다음 두 줄에는 각각 N개의 정수가 공백문자로 구분되어 주어진다. 각 정수는 그 위치의 스티커의 점수를 의미한다. 봉숙이가 매긴 점수는 0 이상 100 이하이다.</p>\n\n<h2><strong>출력</strong></h2>\n\n<p>출력은 표준출력(standard output; 모니터 화면에 출력)을 사용한다. 주어진 입력에 대해 획득 가능한 최대의 점수의 합을 출력하라.</p>\n','f54c2273fd00984ea259762ee114ebae','false','상','2017-11-28 17:30:00','2017-11-28 19:30:00',1,'201611841',37,'2017-11-24 23:20:22'),(207,'p3담당자','피보나치 수열','<p>F(1)=F(2)=1이고 F(n+2)=F(n+1)+F(n)을 만족합니다.</p>\n\n<p>이 수식이 성립할 때 n의 값을 입력받고 F(n)의 값과 n번째까지의 수들을 출력해 보세요.</p>\n\n<p>5를 입력받았다면 &ldquo;5&rdquo;와 &ldquo;1 1 2 3 5&rdquo;를 출력합니다.</p>\n','db07344e74b50df5384c4005f0d0acba','false','중',NULL,NULL,2,'p3proftest1',NULL,'2018-01-14 18:54:56'),(209,'p3담당자','동전 교환','<p>액면가가 다른 동전의 종류와 교환할 총 돈의 양이 주어진다.</p>\n\n<p>이 때 최소한의 동전 개수로 교환할 수 있는 동전의 수를 구하는 프로그램을 작성하라.</p>\n\n<p>주어진 동전으로 교환이 불가한 경우 &ndash;1을 반환한다.</p>\n\n<p>&nbsp;</p>\n\n<p><strong>입력</strong></p>\n\n<p>첫째 줄에 동전종류의 개수가 주어진다.</p>\n\n<p>둘째 줄에 동전의 액면가가 주어진다.</p>\n\n<p>셋째 줄에 바꿀 총 돈의 양이 주어진다.</p>\n\n<p>&nbsp;</p>\n\n<p><strong>출력</strong></p>\n\n<p>첫째 줄에 문제의 정답을 출력한다.</p>\n\n<p>&nbsp;</p>\n','e4a46806428142c2ccad48f6df247d9f','false','중',NULL,NULL,2,'p3proftest3',NULL,'2018-01-15 20:37:36');
/*!40000 ALTER TABLE `question` ENABLE KEYS */;
UNLOCK TABLES;

--
-- Table structure for table `superAdmin`
--

DROP TABLE IF EXISTS `superAdmin`;
/*!40101 SET @saved_cs_client     = @@character_set_client */;
/*!40101 SET character_set_client = utf8 */;
CREATE TABLE `superAdmin` (
  `no` int(11) NOT NULL AUTO_INCREMENT,
  `userId` varchar(100) NOT NULL,
  PRIMARY KEY (`no`,`userId`),
  KEY `userId` (`userId`)
) ENGINE=InnoDB AUTO_INCREMENT=12 DEFAULT CHARSET=utf8;
/*!40101 SET character_set_client = @saved_cs_client */;

--
-- Dumping data for table `superAdmin`
--

LOCK TABLES `superAdmin` WRITE;
/*!40000 ALTER TABLE `superAdmin` DISABLE KEYS */;
INSERT INTO `superAdmin` VALUES (6,'20000251'),(5,'201215595'),(7,'201611841'),(11,'p3mgr'),(8,'p3proftest1'),(9,'p3proftest2'),(10,'p3proftest3');
/*!40000 ALTER TABLE `superAdmin` ENABLE KEYS */;
UNLOCK TABLES;

--
-- Table structure for table `userGroup`
--

DROP TABLE IF EXISTS `userGroup`;
/*!40101 SET @saved_cs_client     = @@character_set_client */;
/*!40101 SET character_set_client = utf8 */;
CREATE TABLE `userGroup` (
  `studentId` int(11) NOT NULL,
  `groupNum` int(11) NOT NULL,
  PRIMARY KEY (`studentId`,`groupNum`),
  KEY `groupNum` (`groupNum`),
  CONSTRAINT `userGroup_ibfk_1` FOREIGN KEY (`groupNum`) REFERENCES `groups` (`groupNum`) ON DELETE CASCADE ON UPDATE CASCADE
) ENGINE=InnoDB DEFAULT CHARSET=latin1;
/*!40101 SET character_set_client = @saved_cs_client */;

--
-- Dumping data for table `userGroup`
--

LOCK TABLES `userGroup` WRITE;
/*!40000 ALTER TABLE `userGroup` DISABLE KEYS */;
/*!40000 ALTER TABLE `userGroup` ENABLE KEYS */;
UNLOCK TABLES;

--
-- Table structure for table `userLog`
--

DROP TABLE IF EXISTS `userLog`;
/*!40101 SET @saved_cs_client     = @@character_set_client */;
/*!40101 SET character_set_client = utf8 */;
CREATE TABLE `userLog` (
  `userId` varchar(100) NOT NULL,
  `questionId` int(11) NOT NULL,
  `status` varchar(100) NOT NULL,
  `date` datetime NOT NULL,
  `language` varchar(10) DEFAULT NULL,
  `logNumber` int(11) NOT NULL AUTO_INCREMENT,
  `userName` varchar(100) CHARACTER SET utf8 DEFAULT NULL,
  `completeCaseNum` int(11) NOT NULL,
  `caseNum` int(11) NOT NULL,
  PRIMARY KEY (`logNumber`),
  KEY `questionId` (`questionId`)
) ENGINE=InnoDB AUTO_INCREMENT=1154 DEFAULT CHARSET=latin1;
/*!40101 SET character_set_client = @saved_cs_client */;

--
-- Dumping data for table `userLog`
--

LOCK TABLES `userLog` WRITE;
/*!40000 ALTER TABLE `userLog` DISABLE KEYS */;
INSERT INTO `userLog` VALUES ('20000251',132,'Complete','2017-09-05 12:14:30','Java',152,'이은정',2,2),('20000251',132,'Complete','2017-09-05 12:17:22','Java',153,'이은정',2,2),('20000251',132,'Failed','2017-09-05 12:17:36','Java',154,'이은정',0,2),('20000251',134,'Complete','2017-09-05 13:10:33','Java',155,'이은정',1,1),('201611841',132,'Failed','2017-09-05 13:46:40','Java',156,'이현',0,2),('201411687',132,'Complete','2017-09-05 16:25:08','Java',157,'김교연',2,2),('201611824',132,'Complete','2017-09-05 16:25:17','Java',158,'이규성',2,2),('201311680',132,'Complete','2017-09-05 16:27:32','Java',159,'김대호',2,2),('201311680',132,'Complete','2017-09-05 16:28:03','Java',160,'김대호',2,2),('201311774',132,'Failed','2017-09-05 16:29:09','Java',161,'하상철',0,2),('201311774',132,'Failed','2017-09-05 16:29:21','Java',162,'하상철',0,2),('201611841',132,'Complete','2017-09-05 16:29:57','Java',163,'이현',2,2),('201411692',132,'Complete','2017-09-05 16:30:42','Java',164,'김승현',2,2),('201611800',132,'Complete','2017-09-05 16:30:49','Java',165,'박소영',2,2),('201411692',132,'Complete','2017-09-05 16:31:06','Java',166,'김승현',2,2),('201611803',132,'Complete','2017-09-05 16:31:37','Java',167,'박은영',2,2),('201411748',132,'Complete','2017-09-05 16:32:38','Java',168,'이경석',2,2),('201411748',132,'Complete','2017-09-05 16:32:58','Java',169,'이경석',2,2),('201311774',132,'Failed','2017-09-05 16:33:26','Java',170,'하상철',0,2),('201611798',132,'Complete','2017-09-05 16:33:36','Java',171,'박성일',2,2),('201611798',132,'Complete','2017-09-05 16:33:41','Java',172,'박성일',2,2),('201611798',132,'Complete','2017-09-05 16:33:45','Java',173,'박성일',2,2),('201611798',132,'Complete','2017-09-05 16:33:58','Java',174,'박성일',2,2),('201611798',132,'Complete','2017-09-05 16:34:01','Java',175,'박성일',2,2),('201611798',132,'Complete','2017-09-05 16:34:13','Java',176,'박성일',2,2),('201215700',132,'Complete','2017-09-05 16:34:30','Java',177,'이형찬',2,2),('201215700',132,'Complete','2017-09-05 16:34:37','Java',178,'이형찬',2,2),('201411720',132,'Complete','2017-09-05 16:35:34','Java',179,'박용빈',2,2),('201311729',132,'Complete','2017-09-05 16:35:51','Java',180,'오선택',2,2),('201215700',132,'Complete','2017-09-05 16:36:15','Java',181,'이형찬',2,2),('201611798',132,'Complete','2017-09-05 16:37:06','Java',182,'박성일',2,2),('201215700',132,'Complete','2017-09-05 16:37:25','Java',183,'이형찬',2,2),('201611864',132,'Complete','2017-09-05 16:38:49','Java',184,'최현호',2,2),('201611864',132,'Complete','2017-09-05 16:38:55','Java',185,'최현호',2,2),('201215700',132,'Complete','2017-09-05 16:38:57','Java',186,'이형찬',2,2),('201411766',132,'Complete','2017-09-05 16:40:02','Java',187,'장윤상',2,2),('201311720',132,'Failed','2017-09-05 16:45:00','Java',188,'손승욱',0,2),('201311720',132,'Failed','2017-09-05 16:46:12','Java',189,'손승욱',0,2),('201311720',132,'Failed','2017-09-05 16:46:55','Java',190,'손승욱',0,2),('201311720',132,'Complete','2017-09-05 16:47:46','Java',191,'손승욱',2,2),('201215595',132,'Complete','2017-09-05 16:51:33','Java',192,'손민성',2,2),('201311718',132,'Complete','2017-09-05 16:52:35','Java',193,'부권남',2,2),('201311718',132,'Complete','2017-09-05 16:52:40','Java',194,'부권남',2,2),('201611858',132,'Complete','2017-09-05 18:07:21','Java',195,'조준식',2,2),('201611815',132,'Complete','2017-09-05 19:22:09','Java',196,'신병철',2,2),('201611815',132,'Complete','2017-09-05 19:22:31','Java',197,'신병철',2,2),('201611862',132,'Complete','2017-09-05 20:01:34','Java',198,'최상범',2,2),('201611841',132,'Complete','2017-09-05 20:47:49','Java',199,'이현',2,2),('201611841',132,'Complete','2017-09-05 20:48:22','Java',200,'이현',2,2),('201311718',132,'Complete','2017-09-05 20:59:45','Java',201,'부권남',2,2),('201311718',132,'Complete','2017-09-05 20:59:56','Java',202,'부권남',2,2),('201513122',132,'CompileError','2017-09-06 22:11:03','Java',203,'김대훈',0,2),('201611778',132,'Complete','2017-09-07 00:54:47','Java',204,'김동완',2,2),('201611841',133,'Failed','2017-09-07 12:37:42','Java',205,'이현',0,1),('201611841',133,'Complete','2017-09-07 12:51:42','Java',206,'이현',1,1),('201215595',132,'Failed','2017-09-07 14:04:04','Java',207,'손민성',0,2),('201216115',132,'CompileError','2017-09-07 18:55:59','Java',208,'이동건',0,2),('201111796',133,'CompileError','2017-09-08 16:00:10','Java',209,'정종빈',0,1),('201411719',133,'Failed','2017-09-08 16:41:19','Java',210,'박소현',0,1),('201411719',133,'CompileError','2017-09-08 16:41:55','Java',211,'박소현',0,1),('201215521',133,'Failed','2017-09-08 16:43:19','Java',212,'김중원',0,1),('201311697',133,'Failed','2017-09-08 16:43:35','Java',213,'김태웅',0,1),('201611801',133,'CompileError','2017-09-08 16:44:23','Java',214,'박영길',0,1),('201611870',133,'CompileError','2017-09-08 16:44:50','Java',215,'홍선우',0,1),('201611870',133,'CompileError','2017-09-08 16:44:55','Java',216,'홍선우',0,1),('201410609',133,'TimeOver','2017-09-08 16:45:31','Java',217,'김하은',0,1),('201611801',133,'Failed','2017-09-08 16:45:53','Java',218,'박영길',0,1),('201215521',133,'TimeOver','2017-09-08 16:46:13','Java',219,'김중원',0,1),('201611801',133,'Failed','2017-09-08 16:46:49','Java',220,'박영길',0,1),('201611850',133,'Failed','2017-09-08 16:47:54','Java',221,'정상화',0,1),('201611783',133,'Failed','2017-09-08 16:48:54','Java',222,'김소현',0,1),('201411719',133,'Failed','2017-09-08 16:49:22','Java',223,'박소현',0,1),('201215700',133,'TimeOver','2017-09-08 16:49:58','Java',224,'이형찬',0,1),('201410609',133,'Failed','2017-09-08 16:49:58','Java',225,'김하은',0,1),('201611783',133,'Failed','2017-09-08 16:50:37','Java',226,'김소현',0,1),('201611778',132,'Complete','2017-09-08 16:50:56','Java',227,'김동완',2,2),('201215521',133,'Failed','2017-09-08 16:51:11','Java',228,'김중원',0,1),('201311697',133,'Failed','2017-09-08 16:51:28','Java',229,'김태웅',0,1),('201411719',133,'Failed','2017-09-08 16:51:38','Java',230,'박소현',0,1),('201611783',133,'Failed','2017-09-08 16:52:26','Java',231,'김소현',0,1),('201611783',133,'Failed','2017-09-08 16:53:02','Java',232,'김소현',0,1),('201411686',133,'Failed','2017-09-08 16:53:51','Java',233,'김건욱',0,1),('201215452',133,'Failed','2017-09-08 16:54:10','Java',234,'강영우',0,1),('201311697',133,'Failed','2017-09-08 16:55:06','Java',235,'김태웅',0,1),('201215521',133,'CompileError','2017-09-08 16:55:37','Java',236,'김중원',0,1),('201411686',133,'Failed','2017-09-08 16:55:50','Java',237,'김건욱',0,1),('201411719',133,'Failed','2017-09-08 16:56:08','Java',238,'박소현',0,1),('201113082',133,'Complete','2017-09-08 16:56:10','Java',239,'김성재',1,1),('201311761',133,'CompileError','2017-09-08 16:56:20','Java',240,'정호석',0,1),('201611801',133,'Failed','2017-09-08 16:56:20','Java',241,'박영길',0,1),('201215521',133,'Failed','2017-09-08 16:56:27','Java',242,'김중원',0,1),('200911632',133,'Failed','2017-09-08 16:56:39','Java',243,'박지우',0,1),('201113082',133,'Complete','2017-09-08 16:56:48','Java',244,'김성재',1,1),('201611769',133,'Failed','2017-09-08 16:57:29','Java',245,'강지수',0,1),('200911632',133,'Failed','2017-09-08 16:57:29','Java',246,'박지우',0,1),('201411686',133,'Failed','2017-09-08 16:57:36','Java',247,'김건욱',0,1),('201411747',133,'CompileError','2017-09-08 16:57:37','Java',248,'윤지훈',0,1),('201611845',133,'Complete','2017-09-08 16:57:40','Java',249,'임소현',1,1),('201311761',133,'CompileError','2017-09-08 16:57:43','Java',250,'정호석',0,1),('201412893',133,'CompileError','2017-09-08 16:57:58','Java',251,'이동진',0,1),('201215778',133,'Failed','2017-09-08 16:58:13','Java',252,'홍승표',0,1),('201611845',133,'Complete','2017-09-08 16:58:14','Java',253,'임소현',1,1),('201411786',133,'Complete','2017-09-08 16:58:53','Java',254,'표진욱',1,1),('200911632',133,'Failed','2017-09-08 17:00:39','Java',255,'박지우',0,1),('201311729',133,'Complete','2017-09-08 17:00:41','Java',256,'오선택',1,1),('200911632',133,'Failed','2017-09-08 17:01:12','Java',257,'박지우',0,1),('201311778',133,'Complete','2017-09-08 17:01:48','Java',258,'황선진',1,1),('201215657',133,'Complete','2017-09-08 17:01:57','Java',259,'윤정환',1,1),('201215742',133,'Complete','2017-09-08 17:02:29','Java',260,'조용일',1,1),('201215657',133,'Complete','2017-09-08 17:03:35','Java',261,'윤정환',1,1),('201311722',132,'Complete','2017-09-08 19:11:03','Java',262,'송지헌',2,2),('201311722',132,'Complete','2017-09-08 19:11:19','Java',263,'송지헌',2,2),('201311684',133,'Complete','2017-09-08 21:57:44','Java',265,'김성철',2,2),('201311778',132,'Complete','2017-09-08 22:37:18','Java',267,'황선진',2,2),('201311778',133,'Complete','2017-09-09 01:00:46','C',270,'황선진',2,2),('201311778',133,'Complete','2017-09-09 01:08:51','C++',271,'황선진',2,2),('201611809',133,'Failed','2017-09-09 03:45:53','Java',272,'성아현',0,2),('201611809',133,'Failed','2017-09-09 03:46:30','Java',273,'성아현',0,2),('201411682',133,'Complete','2017-09-09 16:04:10','Java',274,'강경웅',2,2),('201411682',133,'Complete','2017-09-09 16:10:39','Java',275,'강경웅',2,2),('201411682',133,'Complete','2017-09-09 16:16:21','Java',276,'강경웅',2,2),('201311697',133,'Failed','2017-09-09 17:10:11','Java',277,'김태웅',0,2),('201311697',133,'Failed','2017-09-09 17:18:01','Java',278,'김태웅',0,2),('201411728',133,'Failed','2017-09-09 20:14:41','Java',286,'변중연',0,2),('201411728',133,'Failed','2017-09-09 20:32:05','Java',287,'변중연',0,2),('201411728',133,'Failed','2017-09-09 20:32:40','Java',288,'변중연',0,2),('201411728',133,'Failed','2017-09-09 20:33:58','Java',289,'변중연',0,2),('20000251',134,'Complete','2017-09-09 20:46:34','Java',290,'이은정',2,2),('201411728',133,'CompileError','2017-09-09 22:36:40','C',291,'변중연',0,2),('201411728',133,'Failed','2017-09-09 22:36:58','Java',292,'변중연',0,2),('201411728',133,'Failed','2017-09-09 22:38:33','Java',293,'변중연',0,2),('201411728',133,'Failed','2017-09-09 22:40:17','Java',294,'변중연',0,2),('201411728',133,'Failed','2017-09-09 22:40:49','Java',295,'변중연',0,2),('201411724',133,'Complete','2017-09-09 23:12:17','Java',296,'박지산',2,2),('201411724',133,'Complete','2017-09-09 23:12:44','Java',297,'박지산',2,2),('201411724',133,'Complete','2017-09-09 23:15:32','Java',298,'박지산',2,2),('201411728',133,'Complete','2017-09-09 23:20:22','Java',299,'변중연',2,2),('201411728',133,'CompileError','2017-09-09 23:21:27','C',300,'변중연',0,2),('201411728',133,'Failed','2017-09-09 23:21:41','Java',301,'변중연',0,2),('201411728',133,'Complete','2017-09-09 23:22:48','Java',302,'변중연',2,2),('201411728',133,'Complete','2017-09-09 23:36:10','Java',303,'변중연',2,2),('201611809',133,'Failed','2017-09-09 23:54:39','Java',304,'성아현',0,2),('201611809',133,'Failed','2017-09-09 23:55:05','Java',305,'성아현',0,2),('201311778',134,'Complete','2017-09-10 01:40:57','Java',306,'황선진',2,2),('201611790',133,'Failed','2017-09-10 04:09:50','Java',307,'김지영',0,2),('201611790',133,'Failed','2017-09-10 04:10:46','Java',308,'김지영',0,2),('201411777',133,'Complete','2017-09-10 04:38:15','Java',309,'천문성',2,2),('201411777',133,'Complete','2017-09-10 04:38:45','Java',310,'천문성',2,2),('201411777',133,'Complete','2017-09-10 04:41:54','Java',311,'천문성',2,2),('201411777',133,'CompileError','2017-09-10 04:42:56','C',312,'천문성',0,2),('201411777',133,'Complete','2017-09-10 04:43:37','Java',313,'천문성',2,2),('201412893',133,'Complete','2017-09-10 04:44:01','Java',314,'이동진',2,2),('201412893',133,'Complete','2017-09-10 04:44:17','Java',315,'이동진',2,2),('201412893',133,'Complete','2017-09-10 04:44:52','Java',316,'이동진',2,2),('201412893',133,'CompileError','2017-09-10 04:46:36','C',317,'이동진',0,2),('201412893',133,'Complete','2017-09-10 04:47:20','Java',318,'이동진',2,2),('201412893',133,'Complete','2017-09-10 04:51:20','Java',319,'이동진',2,2),('201611790',133,'Failed','2017-09-10 05:46:16','Java',320,'김지영',0,2),('201611790',133,'Complete','2017-09-10 06:10:13','Java',321,'김지영',2,2),('201411739',133,'CompileError','2017-09-10 09:46:59','C',322,'오승수',0,2),('201411739',133,'CompileError','2017-09-10 09:49:10','C',323,'오승수',0,2),('201411739',133,'CompileError','2017-09-10 09:49:35','C',324,'오승수',0,2),('201411739',133,'CompileError','2017-09-10 09:49:59','Java',325,'오승수',0,2),('201411739',133,'CompileError','2017-09-10 09:51:40','Java',326,'오승수',0,2),('201411739',133,'CompileError','2017-09-10 09:53:56','Java',327,'오승수',0,2),('201411739',133,'Complete','2017-09-10 09:54:31','Java',328,'오승수',2,2),('201411739',133,'Complete','2017-09-10 09:54:52','Java',329,'오승수',2,2),('201113082',133,'Complete','2017-09-10 11:56:59','Java',330,'김성재',2,2),('201611841',162,'CompileError','2017-09-10 12:19:11','Java',331,'이현',0,1),('201215778',133,'TimeOver','2017-09-10 12:23:31','Java',332,'홍승표',0,2),('201611841',162,'TimeOver','2017-09-10 12:46:02','C',333,'이현',0,1),('201611841',162,'Complete','2017-09-10 12:46:06','C',334,'이현',1,1),('201611841',162,'Complete','2017-09-10 12:46:11','C',335,'이현',1,1),('201611841',162,'Complete','2017-09-10 12:46:38','C',336,'이현',1,1),('201611841',162,'TimeOver','2017-09-10 12:46:39','C',337,'이현',0,1),('201611786',133,'Failed','2017-09-10 12:47:10','Java',338,'김소연',0,2),('201611841',162,'Complete','2017-09-10 12:48:02','C',339,'이현',1,1),('201611841',162,'Complete','2017-09-10 12:48:15','C',340,'이현',1,1),('201611841',162,'Complete','2017-09-10 12:48:21','C',341,'이현',1,1),('201611841',162,'TimeOver','2017-09-10 12:48:22','C',342,'이현',0,1),('201611841',162,'Complete','2017-09-10 12:48:27','C',343,'이현',1,1),('201611841',162,'Complete','2017-09-10 12:48:31','C',344,'이현',1,1),('201611841',162,'Complete','2017-09-10 12:48:45','C',345,'이현',1,1),('201611841',162,'Complete','2017-09-10 12:48:48','C',346,'이현',1,1),('201611841',162,'Complete','2017-09-10 12:48:51','C',347,'이현',1,1),('201611841',162,'TimeOver','2017-09-10 12:48:53','C',348,'이현',0,1),('201611786',133,'Failed','2017-09-10 12:49:49','Java',349,'김소연',0,2),('201611786',133,'Failed','2017-09-10 12:51:09','Java',350,'김소연',0,2),('201611786',133,'Failed','2017-09-10 12:55:32','Java',351,'김소연',0,2),('201215778',133,'TimeOver','2017-09-10 12:56:08','Java',352,'홍승표',0,2),('201215778',133,'TimeOver','2017-09-10 13:04:02','Java',353,'홍승표',0,2),('201611801',133,'CompileError','2017-09-10 13:04:14','C',354,'박영길',0,2),('201611801',133,'CompileError','2017-09-10 13:04:15','C',355,'박영길',0,2),('201611801',133,'CompileError','2017-09-10 13:04:16','C',356,'박영길',0,2),('201611841',163,'Complete','2017-09-10 13:06:00','C',357,'이현',1,1),('201611841',163,'CompileError','2017-09-10 13:07:14','C++',358,'이현',0,1),('201611841',163,'Complete','2017-09-10 13:07:27','C++',359,'이현',1,1),('200911632',133,'Failed','2017-09-10 14:16:57','Java',360,'박지우',0,2),('200911632',133,'Failed','2017-09-10 14:17:27','Java',361,'박지우',0,2),('200911632',133,'Failed','2017-09-10 14:17:50','Java',362,'박지우',0,2),('201611855',133,'Complete','2017-09-10 14:20:08','Java',363,'정혜윤',2,2),('200911632',133,'Failed','2017-09-10 14:20:08','Java',364,'박지우',0,2),('201611855',133,'Complete','2017-09-10 14:20:41','Java',365,'정혜윤',2,2),('201611855',133,'Complete','2017-09-10 14:26:35','Java',366,'정혜윤',2,2),('200911632',133,'Complete','2017-09-10 14:39:35','Java',367,'박지우',2,2),('200911632',132,'Complete','2017-09-10 14:46:40','Java',368,'박지우',2,2),('201311697',133,'CompileError','2017-09-10 15:54:53','C',369,'김태웅',0,2),('201311697',133,'Failed','2017-09-10 15:55:22','Java',370,'김태웅',0,2),('201311697',133,'Failed','2017-09-10 15:56:47','Java',371,'김태웅',0,2),('201311697',133,'Failed','2017-09-10 15:58:37','Java',372,'김태웅',0,2),('201311697',133,'Failed','2017-09-10 16:00:26','Java',373,'김태웅',0,2),('201611783',133,'TimeOver','2017-09-10 16:04:12','Java',374,'김소현',0,2),('201611783',133,'TimeOver','2017-09-10 16:04:28','Java',375,'김소현',0,2),('201611783',133,'TimeOver','2017-09-10 16:05:38','Java',376,'김소현',0,2),('201611783',133,'TimeOver','2017-09-10 16:05:56','Java',377,'김소현',0,2),('201611783',133,'Failed','2017-09-10 16:10:08','Java',378,'김소현',0,2),('201611783',133,'TimeOver','2017-09-10 16:10:27','Java',379,'김소현',0,2),('201611783',133,'Failed','2017-09-10 16:10:52','Java',380,'김소현',0,2),('201611783',133,'TimeOver','2017-09-10 16:17:13','Java',381,'김소현',0,2),('201611783',133,'TimeOver','2017-09-10 16:17:42','Java',382,'김소현',0,2),('201611783',133,'TimeOver','2017-09-10 16:17:56','Java',383,'김소현',0,2),('201611783',133,'TimeOver','2017-09-10 16:18:12','Java',384,'김소현',0,2),('201611783',133,'Failed','2017-09-10 16:19:00','Java',385,'김소현',0,2),('201311697',133,'Complete','2017-09-10 16:30:51','Java',386,'김태웅',2,2),('201311697',133,'Failed','2017-09-10 16:32:39','Java',387,'김태웅',0,2),('201311697',133,'Complete','2017-09-10 16:33:23','Java',388,'김태웅',2,2),('201311697',133,'Complete','2017-09-10 16:34:15','Java',389,'김태웅',2,2),('201215778',133,'TimeOver','2017-09-10 17:18:12','Java',390,'홍승표',0,2),('201215778',133,'TimeOver','2017-09-10 17:19:15','Java',391,'홍승표',0,2),('201215778',133,'TimeOver','2017-09-10 17:24:16','Java',392,'홍승표',0,2),('201611801',133,'CompileError','2017-09-10 18:17:48','C',393,'박영길',0,2),('201611801',133,'CompileError','2017-09-10 18:17:54','C',394,'박영길',0,2),('201611801',133,'CompileError','2017-09-10 18:17:54','C',395,'박영길',0,2),('201611801',133,'CompileError','2017-09-10 18:17:56','C',396,'박영길',0,2),('201611801',133,'CompileError','2017-09-10 18:18:05','C',397,'박영길',0,2),('201611801',133,'CompileError','2017-09-10 18:18:06','C',398,'박영길',0,2),('201611801',133,'CompileError','2017-09-10 18:18:11','C',399,'박영길',0,2),('201611801',133,'CompileError','2017-09-10 18:18:12','C',400,'박영길',0,2),('201611801',133,'CompileError','2017-09-10 18:18:14','C',401,'박영길',0,2),('201611801',133,'Failed','2017-09-10 18:20:14','Java',402,'박영길',0,2),('201611801',133,'Failed','2017-09-10 18:20:41','Java',403,'박영길',0,2),('201311684',133,'Complete','2017-09-10 18:26:33','Java',404,'김성철',2,2),('201611801',133,'Failed','2017-09-10 18:28:35','Java',405,'박영길',0,2),('201611786',133,'Failed','2017-09-10 18:32:30','Java',406,'김소연',0,2),('201611786',133,'Failed','2017-09-10 18:33:00','Java',407,'김소연',0,2),('201611783',133,'TimeOver','2017-09-10 18:37:57','Java',408,'김소현',0,2),('201611793',133,'Failed','2017-09-10 18:38:33','Java',409,'나은지',0,2),('201611801',133,'Failed','2017-09-10 18:40:28','Java',410,'박영길',0,2),('201611782',133,'Failed','2017-09-10 19:00:02','Java',411,'김소연',0,2),('201611782',133,'Failed','2017-09-10 19:05:25','Java',412,'김소연',0,2),('201611782',133,'Complete','2017-09-10 19:10:46','Java',413,'김소연',2,2),('201611782',133,'Complete','2017-09-10 19:12:13','Java',414,'김소연',2,2),('201611769',133,'Complete','2017-09-10 19:18:22','Java',415,'강지수',2,2),('201511788',133,'Failed','2017-09-10 19:47:06','Java',416,'김공무',0,2),('201511788',133,'Failed','2017-09-10 19:48:05','Java',417,'김공무',0,2),('201511788',133,'Failed','2017-09-10 19:53:38','Java',418,'김공무',0,2),('201511788',133,'Failed','2017-09-10 19:57:12','Java',419,'김공무',0,2),('201511788',132,'Complete','2017-09-10 20:01:31','Java',420,'김공무',2,2),('201511788',133,'Failed','2017-09-10 20:02:13','Java',421,'김공무',0,2),('201215778',133,'TimeOver','2017-09-10 20:07:46','Java',422,'홍승표',0,2),('201215778',133,'TimeOver','2017-09-10 20:10:39','Java',423,'홍승표',0,2),('201215778',133,'Failed','2017-09-10 20:12:41','Java',424,'홍승표',0,2),('201215778',133,'Failed','2017-09-10 20:13:11','Java',425,'홍승표',0,2),('201215595',133,'Failed','2017-09-10 20:17:36','Java',426,'손민성',0,2),('201215778',133,'Failed','2017-09-10 20:34:15','Java',427,'홍승표',0,2),('201611813',133,'Failed','2017-09-10 21:04:27','Java',428,'신동연',0,2),('201611813',133,'Failed','2017-09-10 21:04:34','Java',429,'신동연',0,2),('20000251',133,'Failed','2017-09-10 21:05:25','Java',430,'이은정',0,2),('201611813',133,'Failed','2017-09-10 21:05:57','Java',431,'신동연',0,2),('20000251',133,'CompileError','2017-09-10 21:10:49','C',432,'이은정',0,2),('201611841',132,'Failed','2017-09-10 21:10:51','Java',433,'이현',0,2),('20000251',133,'Failed','2017-09-10 21:10:56','Java',434,'이은정',0,2),('201611813',133,'Failed','2017-09-10 21:15:40','Java',435,'신동연',0,2),('201611844',133,'Failed','2017-09-10 21:17:57','Java',436,'이혜린',0,2),('201611844',133,'Failed','2017-09-10 21:18:57','Java',437,'이혜린',0,2),('201611844',133,'Failed','2017-09-10 21:19:44','Java',438,'이혜린',0,2),('201611845',133,'Complete','2017-09-10 21:23:34','Java',439,'임소현',2,2),('201611845',133,'Complete','2017-09-10 21:23:42','Java',440,'임소현',2,2),('201611844',133,'Failed','2017-09-10 21:25:24','Java',441,'이혜린',0,2),('201611844',133,'TimeOver','2017-09-10 21:25:54','Java',442,'이혜린',0,2),('201611844',133,'Complete','2017-09-10 21:26:12','Java',443,'이혜린',2,2),('201611849',133,'CompileError','2017-09-10 21:40:44','C',444,'정가영',0,2),('201611849',133,'CompileError','2017-09-10 21:41:08','C',445,'정가영',0,2),('201611849',133,'CompileError','2017-09-10 21:49:53','C',446,'정가영',0,2),('201611844',133,'Failed','2017-09-10 21:50:06','Java',447,'이혜린',0,2),('201611844',133,'Complete','2017-09-10 21:50:45','Java',448,'이혜린',2,2),('201611849',133,'Failed','2017-09-10 21:51:41','Java',449,'정가영',0,2),('201611849',133,'Failed','2017-09-10 21:51:57','Java',450,'정가영',0,2),('201611797',133,'Failed','2017-09-10 21:52:33','Java',451,'박성은',0,2),('201611797',133,'Failed','2017-09-10 21:52:45','Java',452,'박성은',0,2),('201611849',133,'Failed','2017-09-10 21:54:24','Java',453,'정가영',0,2),('201611797',133,'Failed','2017-09-10 21:56:56','Java',454,'박성은',0,2),('201611797',133,'Failed','2017-09-10 21:57:22','Java',455,'박성은',0,2),('201611797',133,'Failed','2017-09-10 21:57:53','Java',456,'박성은',0,2),('201611797',133,'Failed','2017-09-10 21:58:04','Java',457,'박성은',0,2),('201611797',133,'Failed','2017-09-10 21:58:16','Java',458,'박성은',0,2),('201611797',133,'Complete','2017-09-10 21:58:29','Java',459,'박성은',2,2),('201611849',133,'Failed','2017-09-10 21:59:33','Java',460,'정가영',0,2),('201611808',133,'Failed','2017-09-10 22:11:11','Java',461,'서지혜',0,2),('201215778',133,'Complete','2017-09-11 01:36:53','Java',462,'홍승표',2,2),('201215595',133,'TimeOver','2017-09-11 15:45:20','Java',463,'손민성',0,2),('201215595',133,'Failed','2017-09-11 15:45:30','Java',464,'손민성',0,2),('201215595',133,'Failed','2017-09-11 15:45:53','Java',465,'손민성',0,2),('201611841',162,'CompileError','2017-09-11 16:46:44','C',466,'이현',0,0),('201611841',162,'Complete','2017-09-11 16:49:43','C',467,'이현',1,1),('201611841',166,'Failed','2017-09-11 16:49:54','C',468,'이현',0,1),('201611841',166,'Complete','2017-09-11 16:49:59','C',469,'이현',1,1),('201215521',133,'CompileError','2017-09-11 17:12:30','C',470,'김중원',0,2),('201215521',133,'CompileError','2017-09-11 17:13:06','C',471,'김중원',0,2),('201215521',133,'CompileError','2017-09-11 17:13:16','C',472,'김중원',0,2),('201215521',133,'Failed','2017-09-11 17:13:28','Java',473,'김중원',0,2),('201611841',166,'Complete','2017-09-11 18:17:38','C',474,'이현',1,1),('201215735',162,'Complete','2017-09-12 09:32:07','C',475,'조명원',1,1),('201215595',168,'Complete','2017-09-12 10:19:06','C',476,'손민성',1,1),('201215595',165,'Complete','2017-09-12 10:19:32','Python2',477,'손민성',1,1),('201215595',168,'Complete','2017-09-12 10:19:44','C',478,'손민성',1,1),('201215595',162,'Complete','2017-09-12 10:22:31','C',479,'손민성',1,1),('201215595',163,'Complete','2017-09-12 10:23:04','C',480,'손민성',1,1),('201215595',169,'Complete','2017-09-12 10:42:27','Python2',481,'손민성',1,1),('201511870',168,'Failed','2017-09-12 11:03:40','C',482,'채지훈',0,1),('201215595',168,'Complete','2017-09-12 13:35:08','C',483,'손민성',1,1),('201311729',134,'Complete','2017-09-12 13:35:45','Java',484,'오선택',2,2),('201311729',134,'Complete','2017-09-12 13:35:53','Java',485,'오선택',2,2),('201311729',165,'Complete','2017-09-12 13:36:10','Python2',486,'오선택',1,1),('201311729',168,'Complete','2017-09-12 13:41:16','C',487,'오선택',1,1),('201311729',168,'Complete','2017-09-12 13:43:52','C',488,'오선택',1,1),('201311729',168,'Complete','2017-09-12 13:45:05','C',489,'오선택',1,1),('201311679',168,'Complete','2017-09-12 13:47:34','C',490,'김광연',1,1),('201311729',133,'Complete','2017-09-12 13:49:46','Java',491,'오선택',2,2),('201311718',133,'Complete','2017-09-12 13:56:16','Java',492,'부권남',2,2),('201611841',169,'Complete','2017-09-12 14:03:53','C++',493,'이현',1,1),('201611843',132,'Complete','2017-09-12 14:13:32','Java',494,'이현규',2,2),('201611843',132,'Complete','2017-09-12 14:13:41','Java',495,'이현규',2,2),('201311729',133,'Complete','2017-09-12 14:20:37','C',496,'오선택',2,2),('201311729',133,'Complete','2017-09-12 14:21:48','C++',497,'오선택',2,2),('201511870',162,'Complete','2017-09-12 21:57:42','C',498,'채지훈',1,1),('201511870',163,'Complete','2017-09-12 21:58:33','C',499,'채지훈',1,1),('201511870',169,'Complete','2017-09-12 22:00:47','C++',500,'채지훈',1,1),('201511870',132,'Complete','2017-09-12 22:08:13','Java',501,'채지훈',2,2),('201311729',169,'Complete','2017-09-12 23:03:38','C++',502,'오선택',1,1),('201311729',169,'Complete','2017-09-12 23:04:04','C++',503,'오선택',1,1),('201311729',162,'Complete','2017-09-12 23:07:11','C',504,'오선택',1,1),('201311729',163,'Complete','2017-09-12 23:07:41','C',505,'오선택',1,1),('201311729',166,'Complete','2017-09-12 23:08:06','C',506,'오선택',1,1),('201311729',167,'Complete','2017-09-12 23:08:24','C',507,'오선택',1,1),('201311778',168,'Complete','2017-09-12 23:31:26','C',508,'황선진',1,1),('201311778',165,'Complete','2017-09-12 23:32:14','Python2',509,'황선진',1,1),('201311778',168,'Complete','2017-09-12 23:32:38','C',510,'황선진',1,1),('201311778',162,'CompileError','2017-09-12 23:35:02','C',511,'황선진',0,1),('201311778',162,'Complete','2017-09-12 23:35:40','C',512,'황선진',1,1),('201311778',163,'Complete','2017-09-12 23:37:05','C',513,'황선진',1,1),('201311778',166,'Complete','2017-09-12 23:37:41','C',514,'황선진',1,1),('201311778',167,'CompileError','2017-09-12 23:38:30','C',515,'황선진',0,1),('201311778',167,'Complete','2017-09-12 23:38:58','C',516,'황선진',1,1),('201311778',169,'Complete','2017-09-12 23:40:34','C++',517,'황선진',1,1),('201311778',162,'CompileError','2017-09-12 23:42:42','C++',518,'황선진',0,1),('201311778',162,'CompileError','2017-09-12 23:42:52','C++',519,'황선진',0,1),('201311778',162,'Complete','2017-09-12 23:46:49','C++',520,'황선진',1,1),('201311778',163,'Complete','2017-09-12 23:47:09','C++',521,'황선진',1,1),('201311778',166,'Complete','2017-09-12 23:47:45','C++',522,'황선진',1,1),('201311778',167,'Complete','2017-09-12 23:47:56','C++',523,'황선진',1,1),('201311778',169,'Complete','2017-09-12 23:59:05','Python2',524,'황선진',1,1),('201215700',133,'Failed','2017-09-13 01:39:12','Java',525,'이형찬',0,2),('201215700',133,'Failed','2017-09-13 01:39:27','Java',526,'이형찬',0,2),('201215700',133,'Failed','2017-09-13 01:45:12','Java',527,'이형찬',0,2),('201215700',133,'Failed','2017-09-13 01:48:24','Java',528,'이형찬',0,2),('201215700',133,'Failed','2017-09-13 01:49:58','Java',529,'이형찬',0,2),('201311729',162,'Complete','2017-09-13 10:10:20','C',530,'오선택',1,1),('201311729',162,'CompileError','2017-09-13 10:10:23','C++',531,'오선택',0,1),('201311729',162,'Complete','2017-09-13 10:10:44','C++',532,'오선택',1,1),('201311729',163,'Complete','2017-09-13 10:11:18','C++',533,'오선택',1,1),('201311729',166,'Complete','2017-09-13 10:11:39','C++',534,'오선택',1,1),('201311729',167,'Complete','2017-09-13 10:11:56','C++',535,'오선택',1,1),('201311729',167,'Complete','2017-09-13 10:14:13','C',536,'오선택',1,1),('201311729',165,'Complete','2017-09-13 10:14:34','Python2',537,'오선택',1,1),('201311729',133,'Complete','2017-09-13 10:15:42','C++',538,'오선택',2,2),('201311729',133,'Complete','2017-09-13 10:16:11','C',539,'오선택',2,2),('201311729',133,'Complete','2017-09-13 10:16:32','C++',540,'오선택',2,2),('201311729',169,'Failed','2017-09-13 10:30:55','Python2',541,'오선택',0,1),('201215595',132,'CompileError','2017-09-13 11:11:53','Java',542,'손민성',0,2),('201215595',132,'CompileError','2017-09-13 11:12:02','Java',543,'손민성',0,2),('201215595',132,'Complete','2017-09-13 11:12:14','Java',544,'손민성',2,2),('201215595',168,'Complete','2017-09-13 14:11:27','C',545,'손민성',1,1),('201311684',165,'Complete','2017-09-14 00:04:05','Python2',547,'김성철',1,1),('201311684',165,'Failed','2017-09-14 00:04:32','Python2',548,'김성철',0,1),('201311684',165,'Complete','2017-09-14 00:04:49','Python2',549,'김성철',1,1),('201215595',168,'Failed','2017-09-14 15:54:12','C',550,'손민성',0,1),('201311680',133,'Complete','2017-09-14 15:55:59','Java',551,'김대호',2,2),('201111061',168,'CompileError','2017-09-15 13:59:11','C',552,'박형식',0,1),('201111061',168,'CompileError','2017-09-15 13:59:28','C',553,'박형식',0,1),('201111061',168,'Complete','2017-09-15 13:59:42','C',554,'박형식',1,1),('201111061',165,'Complete','2017-09-15 13:59:52','Python2',555,'박형식',1,1),('201111061',132,'Complete','2017-09-15 14:00:38','Java',556,'박형식',2,2),('201111061',133,'CompileError','2017-09-15 14:01:00','C',557,'박형식',0,2),('201111061',133,'CompileError','2017-09-15 14:02:02','C',558,'박형식',0,2),('201111061',133,'Failed','2017-09-15 14:02:20','Java',559,'박형식',0,2),('201215595',168,'Failed','2017-09-17 01:53:40','Python2',560,'손민성',0,1),('201215595',168,'Complete','2017-09-17 01:53:49','Python2',561,'손민성',1,1),('201215595',168,'Failed','2017-09-17 01:54:12','Python3',562,'손민성',0,1),('201215595',168,'Failed','2017-09-17 01:54:21','Python3',563,'손민성',0,1),('201215595',168,'Complete','2017-09-17 01:54:31','Python3',564,'손민성',1,1),('201311680',133,'Complete','2017-09-17 10:54:47','Java',565,'김대호',2,2),('201310329',168,'Complete','2017-09-17 15:00:43','C',566,'선윤호',1,1),('201310329',162,'Complete','2017-09-17 15:01:35','C',567,'선윤호',1,1),('201310329',132,'Complete','2017-09-17 15:12:53','Java',568,'선윤호',2,2),('201310329',132,'Complete','2017-09-17 15:13:02','Java',569,'선윤호',2,2),('20000251',133,'Failed','2017-09-19 10:51:04','Java',570,'이은정',0,2),('201111061',168,'Failed','2017-09-19 21:30:58','Python3',571,'박형식',0,1),('201111061',168,'Failed','2017-09-19 21:31:09','Python3',572,'박형식',0,1),('201111061',168,'Complete','2017-09-19 21:31:16','Python3',573,'박형식',1,1),('201111061',168,'Complete','2017-09-19 21:31:26','Python2',574,'박형식',1,1),('201111061',168,'CompileError','2017-09-19 21:32:33','Java',575,'박형식',0,1),('201111061',168,'Complete','2017-09-19 21:33:15','Java',576,'박형식',1,1),('201311722',168,'Complete','2017-09-19 21:51:12','C++',577,'송지헌',1,1),('201311722',168,'Complete','2017-09-19 21:51:16','C++',578,'송지헌',1,1),('201611841',172,'CompileError','2017-09-21 16:33:16','C++',579,'이현',0,1),('201611841',172,'CompileError','2017-09-21 16:33:40','C++',580,'이현',0,1),('201311744',168,'Failed','2017-10-02 20:30:36','C',581,'이진수',0,1),('201311744',168,'Failed','2017-10-02 20:30:55','C',582,'이진수',0,1),('201611769',168,'Complete','2017-10-15 17:44:38','Java',583,'강지수',1,1),('201215595',173,'Failed','2017-11-07 17:58:53','Python2',584,'손민성',1,2),('201215595',173,'Failed','2017-11-07 17:59:53','Python2',585,'손민성',1,2),('201215595',173,'Complete','2017-11-07 18:00:16','Python2',586,'손민성',2,2),('201215595',174,'Complete','2017-11-07 18:02:34','Python2',587,'손민성',2,2),('201215595',174,'Complete','2017-11-07 18:03:46','Python2',588,'손민성',25,25),('201611841',178,'CompileError','2017-11-09 05:05:49','C++',589,'이현',0,1),('201611841',178,'Complete','2017-11-09 05:06:11','C++',590,'이현',1,1),('201611841',172,'CompileError','2017-11-09 09:52:30','C++',591,'이현',0,1),('201611841',172,'Failed','2017-11-09 09:53:12','Python2',592,'이현',0,1),('201611841',172,'Failed','2017-11-09 09:53:23','Python2',593,'이현',0,1),('201611841',180,'Complete','2017-11-09 09:53:59','Python2',594,'이현',1,1),('201611841',181,'Complete','2017-11-09 10:00:45','Python3',595,'이현',1,1),('201611841',182,'Complete','2017-11-09 10:04:52','Python3',596,'이현',1,1),('201611841',183,'TimeOver','2017-11-10 13:44:42','Python2',597,'이현',0,1),('201611841',183,'TimeOver','2017-11-10 13:45:12','Python2',598,'이현',0,1),('201611841',183,'TimeOver','2017-11-10 13:45:35','Python2',599,'이현',0,1),('201611841',183,'Complete','2017-11-10 13:45:57','Python2',600,'이현',1,1),('201611841',183,'Complete','2017-11-10 13:47:10','Python2',601,'이현',1,1),('201611841',183,'Complete','2017-11-10 13:47:15','Python2',602,'이현',1,1),('201611841',183,'Complete','2017-11-10 13:47:19','Python2',603,'이현',1,1),('201215595',189,'Failed','2017-11-12 23:30:03','Java',604,'손민성',0,5),('201215595',189,'Complete','2017-11-12 23:30:13','Java',605,'손민성',5,5),('201215595',189,'Complete','2017-11-12 23:32:54','Java',606,'손민성',5,5),('201215595',190,'Complete','2017-11-12 23:39:11','Java',607,'손민성',5,5),('201215595',191,'Complete','2017-11-12 23:39:52','Java',608,'손민성',5,5),('201215595',191,'Complete','2017-11-12 23:43:31','Java',609,'손민성',5,5),('201713832',185,'Failed','2017-11-16 14:28:06','C',610,'박우현',4,5),('201713832',185,'Complete','2017-11-16 14:28:44','C',611,'박우현',5,5),('201610009',132,'CompileError','2017-11-16 18:26:52','Java',612,'박현준',0,2),('201610009',133,'Failed','2017-11-16 18:33:54','C',613,'박현준',0,2),('201610009',133,'Failed','2017-11-16 18:36:59','C',614,'박현준',0,2),('201610009',133,'Failed','2017-11-16 18:37:46','C',615,'박현준',0,2),('201610009',133,'Failed','2017-11-16 18:53:25','C',616,'박현준',0,2),('201610009',133,'TimeOver','2017-11-16 18:58:48','C',617,'박현준',0,2),('201610009',133,'Complete','2017-11-16 18:58:54','C',618,'박현준',2,2),('201610009',133,'Complete','2017-11-16 18:59:09','C',619,'박현준',2,2),('201610009',132,'CompileError','2017-11-16 19:03:52','Java',620,'박현준',0,2),('201610009',132,'CompileError','2017-11-16 19:05:02','Java',621,'박현준',0,2),('201610009',132,'CompileError','2017-11-16 19:05:15','Java',622,'박현준',0,2),('201610009',132,'Complete','2017-11-16 19:14:26','Java',623,'박현준',2,2),('201713832',186,'Complete','2017-11-16 21:25:09','C',624,'박우현',5,5),('201713832',187,'Failed','2017-11-16 21:59:23','C',625,'박우현',0,5),('201610009',191,'Failed','2017-11-17 00:34:16','C',626,'박현준',1,5),('201610009',191,'Failed','2017-11-17 00:34:24','C',627,'박현준',1,5),('201610009',185,'Complete','2017-11-17 00:52:42','C',628,'박현준',5,5),('201610009',186,'Complete','2017-11-17 00:56:32','C',629,'박현준',5,5),('201610009',189,'Failed','2017-11-17 02:11:38','C',630,'박현준',0,5),('201713832',188,'Failed','2017-11-17 02:58:35','C',631,'박우현',1,5),('201713832',188,'Failed','2017-11-17 03:03:21','C',632,'박우현',1,5),('201713832',188,'Failed','2017-11-17 03:06:39','C',633,'박우현',1,5),('201713832',188,'Failed','2017-11-17 03:07:46','C',634,'박우현',1,5),('201713832',188,'TimeOver','2017-11-17 03:09:24','C',635,'박우현',0,5),('201713832',188,'Failed','2017-11-17 03:10:30','C',636,'박우현',1,5),('201713832',188,'Failed','2017-11-17 03:11:49','C',637,'박우현',1,5),('201713832',188,'Failed','2017-11-17 03:13:40','C',638,'박우현',1,5),('201610010',132,'Complete','2017-11-17 11:51:16','Java',639,'송인봉',2,2),('201610010',185,'Complete','2017-11-17 12:07:11','Java',640,'송인봉',5,5),('201610010',185,'TimeOver','2017-11-17 13:47:08','C',641,'송인봉',0,5),('201610010',185,'Complete','2017-11-17 13:47:20','C',642,'송인봉',5,5),('201215466',132,'Complete','2017-11-17 13:56:09','Java',643,'구민규',2,2),('201215466',132,'Complete','2017-11-17 13:56:38','Java',644,'구민규',2,2),('201215466',132,'Complete','2017-11-17 13:56:45','Java',645,'구민규',2,2),('201215466',132,'Complete','2017-11-17 13:57:30','Java',646,'구민규',2,2),('201215595',189,'Failed','2017-11-18 18:20:55','Java',647,'손민성',0,5),('201215595',189,'Failed','2017-11-18 18:21:11','Java',648,'손민성',0,5),('201215595',190,'Complete','2017-11-18 18:21:35','Java',649,'손민성',5,5),('201610010',186,'Complete','2017-11-19 17:04:18','Java',650,'송인봉',5,5),('201610010',186,'Complete','2017-11-20 10:21:51','C',651,'송인봉',5,5),('201713741',185,'Complete','2017-11-21 19:50:18','C',652,'김동진',5,5),('201713741',186,'Complete','2017-11-21 19:57:06','C',653,'김동진',5,5),('201611841',133,'Complete','2017-11-23 13:17:35','Java',654,'이현',2,2),('201611841',193,'TimeOver','2017-11-23 13:30:55','C',655,'이현',0,8),('201611841',193,'TimeOver','2017-11-23 13:31:34','C',656,'이현',0,8),('201611841',193,'TimeOver','2017-11-23 13:32:08','C',657,'이현',0,8),('201311778',193,'CompileError','2017-11-23 14:06:22','C',658,'황선진',0,8),('201311778',193,'Failed','2017-11-23 14:06:43','C',659,'황선진',5,8),('201215695',185,'Complete','2017-11-23 14:16:22','Java',660,'이찬영',5,5),('201215695',186,'Complete','2017-11-23 14:30:18','Java',661,'이찬영',5,5),('201215695',189,'Complete','2017-11-23 15:24:11','Java',662,'이찬영',5,5),('201215695',190,'Complete','2017-11-23 15:46:05','Java',663,'이찬영',5,5),('201215695',187,'Complete','2017-11-23 16:28:45','Java',664,'이찬영',5,5),('201215695',188,'TimeOver','2017-11-23 17:12:34','Java',665,'이찬영',0,5),('201215695',188,'TimeOver','2017-11-23 17:15:42','Java',666,'이찬영',0,5),('201713890',185,'Complete','2017-11-24 21:58:24','C',667,'안성수',5,5),('201713832',187,'Failed','2017-11-24 22:31:09','C',668,'박우현',1,5),('201713832',187,'Failed','2017-11-24 22:37:20','C',669,'박우현',1,5),('201215595',133,'CompileError','2017-11-27 09:24:33','C',676,'손민성',0,2),('201215595',133,'Failed','2017-11-27 09:24:41','C',677,'손민성',0,2),('201215595',134,'CompileError','2017-11-27 11:41:50','Java',678,'손민성',0,2),('201215595',186,'Failed','2017-11-27 11:42:14','C',679,'손민성',0,5),('201215595',203,'Complete','2017-11-27 11:56:11','C',680,'손민성',2,2),('201215595',204,'Complete','2017-11-27 11:59:15','C',681,'손민성',2,2),('201215657',133,'Failed','2017-11-27 17:26:40','Java',682,'윤정환',0,2),('201215657',133,'Complete','2017-11-27 17:33:17','Java',683,'윤정환',2,2),('201215657',133,'Complete','2017-11-27 17:35:08','Java',684,'윤정환',2,2),('201215657',132,'Complete','2017-11-27 17:40:36','Java',685,'윤정환',2,2),('201511870',185,'CompileError','2017-11-27 18:15:26','Java',686,'채지훈',0,5),('201511870',185,'CompileError','2017-11-27 18:17:34','Java',687,'채지훈',0,5),('201511870',185,'Failed','2017-11-27 18:18:44','Java',688,'채지훈',4,5),('201511870',185,'Failed','2017-11-27 18:19:42','Java',689,'채지훈',4,5),('201511870',185,'Complete','2017-11-27 18:20:52','Java',690,'채지훈',5,5),('201511870',186,'Failed','2017-11-27 18:34:19','Java',691,'채지훈',4,5),('201511870',186,'Failed','2017-11-27 18:36:49','Java',692,'채지훈',0,5),('201511870',186,'Complete','2017-11-27 18:40:07','Java',693,'채지훈',5,5),('201713741',189,'Failed','2017-11-27 22:07:46','C',698,'김동진',2,5),('201411682',185,'Complete','2017-11-27 22:09:27','Java',699,'강경웅',5,5),('201411682',186,'Complete','2017-11-27 22:16:36','Java',703,'강경웅',5,5),('201411682',187,'Complete','2017-11-27 22:26:11','Java',704,'강경웅',5,5),('201713741',189,'TimeOver','2017-11-27 22:33:45','C',705,'김동진',0,5),('201713741',189,'TimeOver','2017-11-27 22:38:00','C',706,'김동진',0,5),('201713741',189,'TimeOver','2017-11-27 22:47:36','C',709,'김동진',0,5),('201713741',189,'Complete','2017-11-27 22:52:26','C',711,'김동진',5,5),('201411682',189,'Complete','2017-11-27 22:54:19','Java',714,'강경웅',5,5),('201713741',133,'Failed','2017-11-27 23:59:22','C',716,'김동진',0,2),('201713741',133,'Failed','2017-11-28 00:06:50','C',717,'김동진',0,2),('201713741',133,'Failed','2017-11-28 00:11:36','C',718,'김동진',0,2),('201411682',190,'TimeOver','2017-11-28 00:14:09','Java',719,'강경웅',0,5),('201411682',190,'TimeOver','2017-11-28 00:18:22','Java',720,'강경웅',0,5),('201411682',190,'TimeOver','2017-11-28 00:20:21','Java',721,'강경웅',0,5),('201411682',190,'TimeOver','2017-11-28 00:21:53','Java',722,'강경웅',0,5),('201411682',190,'TimeOver','2017-11-28 00:25:34','Java',723,'강경웅',0,5),('201411682',188,'Failed','2017-11-28 01:06:50','Java',724,'강경웅',3,5),('201411682',188,'Failed','2017-11-28 01:11:39','Java',725,'강경웅',3,5),('201713741',187,'Complete','2017-11-28 01:14:25','C',726,'김동진',5,5),('201411682',188,'TimeOver','2017-11-28 01:17:11','Java',727,'강경웅',0,5),('201411682',188,'Failed','2017-11-28 01:17:30','Java',728,'강경웅',4,5),('201411682',188,'Failed','2017-11-28 01:17:49','Java',729,'강경웅',4,5),('201411682',188,'Failed','2017-11-28 01:18:07','Java',730,'강경웅',4,5),('201411682',188,'Failed','2017-11-28 01:18:25','Java',731,'강경웅',4,5),('201411682',188,'Failed','2017-11-28 01:18:41','Java',732,'강경웅',4,5),('201411682',188,'Failed','2017-11-28 01:19:08','Java',733,'강경웅',4,5),('201411682',188,'Failed','2017-11-28 01:19:23','Java',734,'강경웅',4,5),('201411682',188,'Failed','2017-11-28 01:19:39','Java',735,'강경웅',4,5),('201411682',188,'Failed','2017-11-28 01:19:54','Java',736,'강경웅',4,5),('201411682',188,'Complete','2017-11-28 01:28:41','Java',737,'강경웅',5,5),('201215595',189,'Failed','2017-11-28 07:49:53','Java',738,'손민성',0,5),('201215595',189,'Complete','2017-11-28 07:55:12','Java',739,'손민성',5,5),('201713890',186,'Complete','2017-11-28 09:10:28','C',740,'안성수',5,5),('201714051',185,'Complete','2017-11-28 09:25:46','C',741,'한동현',5,5),('201714051',185,'Complete','2017-11-28 09:25:53','C',742,'한동현',5,5),('201713890',187,'Complete','2017-11-28 09:37:50','C',743,'안성수',5,5),('201713846',185,'Complete','2017-11-28 10:15:14','C',744,'박한렬',5,5),('201713832',187,'Failed','2017-11-28 10:18:30','C',745,'박우현',3,5),('201713832',187,'Failed','2017-11-28 10:21:49','C',746,'박우현',3,5),('201713832',187,'CompileError','2017-11-28 10:23:00','C',747,'박우현',0,5),('201713832',187,'Failed','2017-11-28 10:23:32','C',748,'박우현',4,5),('201713846',186,'Complete','2017-11-28 10:23:57','C',749,'박한렬',5,5),('201713832',185,'TimeOver','2017-11-28 10:34:48','C',750,'박우현',0,5),('201713832',185,'TimeOver','2017-11-28 10:35:03','C',751,'박우현',0,5),('201713892',185,'Complete','2017-11-28 10:35:09','C',752,'안영민',5,5),('201713832',185,'CompileError','2017-11-28 10:35:56','C',753,'박우현',0,5),('201713832',185,'CompileError','2017-11-28 10:36:15','C',754,'박우현',0,5),('201713832',185,'CompileError','2017-11-28 10:36:17','C',755,'박우현',0,5),('201713832',185,'TimeOver','2017-11-28 10:36:36','C',756,'박우현',0,5),('201713832',185,'TimeOver','2017-11-28 10:37:32','C',757,'박우현',0,5),('201713832',187,'Failed','2017-11-28 10:38:54','C',758,'박우현',4,5),('201713832',187,'Failed','2017-11-28 10:39:11','C',759,'박우현',4,5),('201713832',187,'Failed','2017-11-28 10:40:10','C',760,'박우현',4,5),('201713832',187,'Failed','2017-11-28 10:40:45','C',761,'박우현',4,5),('201713890',190,'Failed','2017-11-28 10:42:20','C',762,'안성수',3,5),('201713832',187,'Complete','2017-11-28 10:43:15','C',763,'박우현',5,5),('201713832',188,'CompileError','2017-11-28 10:46:31','C',764,'박우현',0,5),('201713832',188,'Failed','2017-11-28 10:46:45','C',765,'박우현',1,5),('201713832',188,'Failed','2017-11-28 10:47:13','C',766,'박우현',1,5),('201713892',186,'Complete','2017-11-28 10:53:45','C',767,'안영민',5,5),('201713892',188,'Failed','2017-11-28 10:55:37','C',768,'안영민',0,5),('201713890',190,'Failed','2017-11-28 10:59:03','C',769,'안성수',4,5),('201713890',190,'TimeOver','2017-11-28 11:00:27','C',770,'안성수',0,5),('201713890',190,'Failed','2017-11-28 11:00:36','C',771,'안성수',4,5),('201713890',190,'TimeOver','2017-11-28 11:02:40','C',772,'안성수',0,5),('201713890',190,'TimeOver','2017-11-28 11:03:02','C',773,'안성수',0,5),('201713890',190,'TimeOver','2017-11-28 11:03:19','C',774,'안성수',0,5),('201713890',190,'Failed','2017-11-28 11:03:33','C',775,'안성수',4,5),('201713832',188,'Failed','2017-11-28 11:04:23','C',776,'박우현',3,5),('201713832',188,'Failed','2017-11-28 11:04:53','C',777,'박우현',3,5),('201713832',188,'Failed','2017-11-28 11:05:32','C',778,'박우현',4,5),('201713832',188,'TimeOver','2017-11-28 11:05:55','C',779,'박우현',0,5),('201713832',188,'Failed','2017-11-28 11:06:08','C',780,'박우현',4,5),('201713832',188,'Failed','2017-11-28 11:06:20','C',781,'박우현',4,5),('201713832',188,'Failed','2017-11-28 11:06:48','C',782,'박우현',4,5),('201713832',188,'Complete','2017-11-28 11:06:56','C',783,'박우현',5,5),('201713832',189,'CompileError','2017-11-28 11:28:51','C',784,'박우현',0,5),('201210021',185,'CompileError','2017-11-28 12:28:15','C',785,'박상현',0,5),('201210021',185,'Failed','2017-11-28 12:28:27','C',786,'박상현',0,5),('201210021',185,'Failed','2017-11-28 12:30:47','C',787,'박상현',0,5),('201210021',185,'Failed','2017-11-28 12:31:59','C',788,'박상현',0,5),('201713832',189,'CompileError','2017-11-28 13:11:17','C',789,'박우현',0,5),('201210021',133,'Failed','2017-11-28 13:11:57','C',790,'박상현',0,2),('201210021',133,'Failed','2017-11-28 13:12:09','C',791,'박상현',0,2),('201210021',133,'Failed','2017-11-28 13:15:55','C',792,'박상현',0,2),('201713832',189,'CompileError','2017-11-28 13:16:43','C',793,'박우현',0,5),('201411686',185,'Complete','2017-11-28 14:59:40','Java',794,'김건욱',5,5),('201411686',186,'Complete','2017-11-28 15:09:01','Java',795,'김건욱',5,5),('201713892',189,'CompileError','2017-11-28 15:26:01','C',796,'안영민',0,5),('201411682',190,'Complete','2017-11-28 15:28:33','Java',797,'강경웅',5,5),('201411686',187,'Complete','2017-11-28 16:02:00','Java',798,'김건욱',5,5),('201311729',186,'Complete','2017-11-28 16:18:09','Java',799,'오선택',5,5),('201311729',188,'Failed','2017-11-28 16:30:17','Java',800,'오선택',1,5),('201713832',189,'Failed','2017-11-28 16:33:40','C',801,'박우현',0,5),('201713832',189,'Failed','2017-11-28 16:34:26','C',802,'박우현',0,5),('201713832',189,'Failed','2017-11-28 16:44:01','C',803,'박우현',0,5),('201713832',189,'Failed','2017-11-28 16:44:32','C',804,'박우현',0,5),('201713832',189,'Failed','2017-11-28 16:44:37','C',805,'박우현',0,5),('201713832',189,'Failed','2017-11-28 16:45:07','C',806,'박우현',0,5),('201311778',199,'Complete','2017-11-28 17:39:20','Java',807,'황선진',5,5),('201713890',199,'TimeOver','2017-11-28 17:39:46','C',808,'안성수',0,5),('201713890',199,'TimeOver','2017-11-28 17:40:19','C',809,'안성수',0,5),('201713832',199,'TimeOver','2017-11-28 17:40:49','C',810,'박우현',0,5),('201713890',199,'TimeOver','2017-11-28 17:41:50','C',811,'안성수',0,5),('201713832',199,'TimeOver','2017-11-28 17:42:11','C',812,'박우현',0,5),('201215695',199,'Complete','2017-11-28 17:42:15','Java',813,'이찬영',5,5),('201713734',199,'CompileError','2017-11-28 17:43:14','C',814,'김가정',0,5),('201713734',199,'CompileError','2017-11-28 17:43:16','C',815,'김가정',0,5),('201713734',199,'CompileError','2017-11-28 17:43:18','C',816,'김가정',0,5),('201713734',199,'CompileError','2017-11-28 17:43:20','C',817,'김가정',0,5),('201713741',199,'Failed','2017-11-28 17:43:25','C',818,'김동진',1,5),('201713741',199,'Failed','2017-11-28 17:43:53','C',819,'김동진',3,5),('201713890',199,'TimeOver','2017-11-28 17:45:27','C',820,'안성수',0,5),('201713741',199,'Complete','2017-11-28 17:45:30','C',821,'김동진',5,5),('201713890',199,'Failed','2017-11-28 17:46:10','C',822,'안성수',2,5),('201713890',199,'Failed','2017-11-28 17:46:23','C',823,'안성수',2,5),('201713890',199,'Failed','2017-11-28 17:46:31','C',824,'안성수',2,5),('201215657',199,'Failed','2017-11-28 17:46:51','Java',825,'윤정환',4,5),('201311778',199,'Complete','2017-11-28 17:48:11','Java',826,'황선진',5,5),('201713832',199,'TimeOver','2017-11-28 17:48:14','C',827,'박우현',0,5),('201713890',199,'Failed','2017-11-28 17:48:35','C',828,'안성수',2,5),('201215657',199,'Complete','2017-11-28 17:48:53','Java',829,'윤정환',5,5),('201713734',199,'CompileError','2017-11-28 17:49:04','C',830,'김가정',0,5),('201611849',199,'Failed','2017-11-28 17:49:06','C',831,'정가영',3,5),('201713890',199,'Failed','2017-11-28 17:49:16','C',832,'안성수',2,5),('201713734',200,'CompileError','2017-11-28 17:49:27','C',833,'김가정',0,5),('201713904',202,'CompileError','2017-11-28 17:49:38','C',834,'오정민',0,5),('201713734',201,'CompileError','2017-11-28 17:49:44','C',835,'김가정',0,5),('201713904',202,'CompileError','2017-11-28 17:49:46','C',836,'오정민',0,5),('201713904',202,'CompileError','2017-11-28 17:49:49','C',837,'오정민',0,5),('201713734',202,'CompileError','2017-11-28 17:49:55','C',838,'김가정',0,5),('201713890',199,'Failed','2017-11-28 17:50:04','C',839,'안성수',3,5),('201611815',199,'Complete','2017-11-28 17:50:21','C',840,'신병철',5,5),('201713890',199,'Failed','2017-11-28 17:51:17','C',841,'안성수',3,5),('201610010',199,'Failed','2017-11-28 17:51:39','Java',842,'송인봉',4,5),('201713890',199,'Failed','2017-11-28 17:51:46','C',843,'안성수',3,5),('201713890',199,'Failed','2017-11-28 17:51:57','C',844,'안성수',3,5),('201713846',199,'CompileError','2017-11-28 17:52:18','C',845,'박한렬',0,5),('201713846',199,'TimeOver','2017-11-28 17:52:31','C',846,'박한렬',0,5),('201610010',199,'Complete','2017-11-28 17:52:44','Java',847,'송인봉',5,5),('201610010',199,'Complete','2017-11-28 17:52:52','Java',848,'송인봉',5,5),('201713832',199,'TimeOver','2017-11-28 17:53:42','C',849,'박우현',0,5),('201713846',199,'TimeOver','2017-11-28 17:53:46','C',850,'박한렬',0,5),('201411682',199,'Failed','2017-11-28 17:53:47','Java',851,'강경웅',4,5),('201411682',199,'Failed','2017-11-28 17:53:58','Java',852,'강경웅',4,5),('201713832',199,'TimeOver','2017-11-28 17:54:31','C',853,'박우현',0,5),('201713741',200,'Complete','2017-11-28 17:54:32','C',854,'김동진',5,5),('201713846',199,'Complete','2017-11-28 17:54:54','C',855,'박한렬',5,5),('201713890',199,'TimeOver','2017-11-28 17:55:04','C',856,'안성수',0,5),('201713846',199,'Complete','2017-11-28 17:55:17','C',857,'박한렬',5,5),('201411682',199,'Failed','2017-11-28 17:55:34','Java',858,'강경웅',4,5),('201511810',199,'Failed','2017-11-28 17:55:41','C',859,'노경호',3,5),('201511810',199,'Failed','2017-11-28 17:56:22','C',860,'노경호',3,5),('201411682',199,'Complete','2017-11-28 17:56:28','Java',861,'강경웅',5,5),('201713892',199,'TimeOver','2017-11-28 17:56:41','C',862,'안영민',0,5),('201611858',199,'Complete','2017-11-28 17:57:35','C',863,'조준식',5,5),('201611849',199,'Failed','2017-11-28 17:58:43','C',864,'정가영',3,5),('201511810',199,'Failed','2017-11-28 17:59:23','C',865,'노경호',0,5),('201713890',199,'Failed','2017-11-28 17:59:48','C',866,'안성수',3,5),('201713829',199,'TimeOver','2017-11-28 17:59:58','C',867,'박소향',0,5),('201511810',199,'CompileError','2017-11-28 18:00:12','C',868,'노경호',0,5),('201511810',199,'CompileError','2017-11-28 18:01:06','C',869,'노경호',0,5),('201511810',199,'Failed','2017-11-28 18:01:19','C',870,'노경호',3,5),('201713832',199,'Failed','2017-11-28 18:01:37','C',871,'박우현',3,5),('201713892',199,'TimeOver','2017-11-28 18:01:40','C',872,'안영민',0,5),('201713832',199,'Failed','2017-11-28 18:01:48','C',873,'박우현',3,5),('201713890',199,'Complete','2017-11-28 18:02:11','C',874,'안성수',5,5),('201611849',199,'Failed','2017-11-28 18:02:22','C',875,'정가영',3,5),('201215742',199,'Failed','2017-11-28 18:02:48','Java',876,'조용일',2,5),('201611849',199,'Failed','2017-11-28 18:03:59','C',877,'정가영',3,5),('201611849',199,'Failed','2017-11-28 18:05:08','C',878,'정가영',3,5),('201311729',199,'TimeOver','2017-11-28 18:05:55','Java',879,'오선택',0,5),('201311778',200,'Failed','2017-11-28 18:06:13','Java',880,'황선진',4,5),('201713892',199,'TimeOver','2017-11-28 18:06:27','C',881,'안영민',0,5),('201311778',200,'Failed','2017-11-28 18:07:24','Java',882,'황선진',4,5),('201713892',199,'TimeOver','2017-11-28 18:08:04','C',883,'안영민',0,5),('201311718',199,'Failed','2017-11-28 18:08:09','Java',884,'부권남',4,5),('201311718',199,'Failed','2017-11-28 18:08:15','Java',885,'부권남',4,5),('201611849',199,'Failed','2017-11-28 18:08:21','C',886,'정가영',3,5),('201611849',199,'Failed','2017-11-28 18:08:44','C',887,'정가영',3,5),('201311718',199,'Failed','2017-11-28 18:09:12','Java',888,'부권남',4,5),('201311778',200,'Failed','2017-11-28 18:10:49','Java',889,'황선진',4,5),('201611800',199,'Complete','2017-11-28 18:11:04','Java',890,'박소영',5,5),('201611849',199,'Failed','2017-11-28 18:11:06','C',891,'정가영',3,5),('201511810',199,'Failed','2017-11-28 18:11:38','C',892,'노경호',3,5),('201611849',199,'Failed','2017-11-28 18:11:48','C',893,'정가영',3,5),('201611849',199,'Failed','2017-11-28 18:12:40','C',894,'정가영',3,5),('201311720',199,'Failed','2017-11-28 18:12:54','C',895,'손승욱',3,5),('201611849',199,'Failed','2017-11-28 18:13:04','C',896,'정가영',3,5),('201311778',200,'CompileError','2017-11-28 18:13:20','C',897,'황선진',0,5),('201311778',200,'Failed','2017-11-28 18:13:28','Java',898,'황선진',4,5),('201511810',199,'Failed','2017-11-28 18:13:40','C',899,'노경호',3,5),('201611849',199,'Failed','2017-11-28 18:13:41','C',900,'정가영',3,5),('201611849',199,'Failed','2017-11-28 18:13:54','C',901,'정가영',3,5),('201411682',200,'Failed','2017-11-28 18:14:07','Java',902,'강경웅',4,5),('201215460',199,'Complete','2017-11-28 18:14:50','C',903,'고형용',5,5),('201713846',200,'CompileError','2017-11-28 18:15:11','C',904,'박한렬',0,5),('201713846',200,'Failed','2017-11-28 18:15:17','C',905,'박한렬',2,5),('201511810',199,'Complete','2017-11-28 18:15:25','C',906,'노경호',5,5),('201611849',199,'Failed','2017-11-28 18:15:40','C',907,'정가영',3,5),('201411682',200,'Complete','2017-11-28 18:16:32','Java',908,'강경웅',5,5),('201511825',199,'Failed','2017-11-28 18:17:13','C',909,'성영훈',3,5),('201311778',200,'Failed','2017-11-28 18:19:57','Java',910,'황선진',4,5),('201311720',199,'Failed','2017-11-28 18:20:45','C',911,'손승욱',4,5),('201713832',200,'Failed','2017-11-28 18:21:08','C',912,'박우현',3,5),('201215742',199,'Failed','2017-11-28 18:21:11','Java',913,'조용일',3,5),('201311720',199,'Failed','2017-11-28 18:21:43','C',914,'손승욱',4,5),('201311720',199,'Failed','2017-11-28 18:21:54','C',915,'손승욱',4,5),('201215452',199,'Failed','2017-11-28 18:22:18','Java',916,'강영우',1,5),('201411724',199,'Complete','2017-11-28 18:22:34','Java',917,'박지산',5,5),('201411683',199,'Failed','2017-11-28 18:22:56','Java',918,'권영미',0,5),('201411724',199,'Complete','2017-11-28 18:23:16','Java',919,'박지산',5,5),('201215742',199,'Complete','2017-11-28 18:23:37','Java',920,'조용일',5,5),('201411686',199,'Failed','2017-11-28 18:23:38','Java',921,'김건욱',4,5),('201713832',200,'Complete','2017-11-28 18:24:14','C',922,'박우현',5,5),('201411686',199,'Failed','2017-11-28 18:24:14','Java',923,'김건욱',4,5),('201713741',201,'Failed','2017-11-28 18:24:51','C',924,'김동진',3,5),('201411686',199,'Failed','2017-11-28 18:25:24','Java',925,'김건욱',4,5),('201311778',200,'Complete','2017-11-28 18:25:34','Java',926,'황선진',5,5),('201713846',200,'Complete','2017-11-28 18:26:05','C',927,'박한렬',5,5),('201411686',199,'Failed','2017-11-28 18:26:21','Java',928,'김건욱',4,5),('201611845',199,'TimeOver','2017-11-28 18:27:42','Java',929,'임소현',0,5),('201611845',199,'TimeOver','2017-11-28 18:27:53','Java',930,'임소현',0,5),('201511810',200,'Failed','2017-11-28 18:29:27','C',931,'노경호',4,5),('201311718',199,'Complete','2017-11-28 18:29:43','Java',932,'부권남',5,5),('201311708',202,'CompileError','2017-11-28 18:29:44','Java',933,'박성우',0,5),('201311718',199,'Complete','2017-11-28 18:29:47','Java',934,'부권남',5,5),('201311718',199,'Complete','2017-11-28 18:29:56','Java',935,'부권남',5,5),('201311708',202,'TimeOver','2017-11-28 18:30:34','Java',936,'박성우',0,5),('201311708',202,'TimeOver','2017-11-28 18:30:44','Java',937,'박성우',0,5),('201611800',200,'Complete','2017-11-28 18:32:16','Java',938,'박소영',5,5),('201611824',199,'Complete','2017-11-28 18:32:25','Java',939,'이규성',5,5),('201611845',199,'TimeOver','2017-11-28 18:32:55','Java',940,'임소현',0,5),('201713741',201,'Complete','2017-11-28 18:32:57','C',941,'김동진',5,5),('201611845',199,'TimeOver','2017-11-28 18:33:37','Java',942,'임소현',0,5),('201311729',200,'Complete','2017-11-28 18:33:52','Java',943,'오선택',5,5),('201611845',199,'CompileError','2017-11-28 18:33:52','C',944,'임소현',0,5),('201511825',200,'Failed','2017-11-28 18:34:05','C',945,'성영훈',4,5),('201714051',199,'Failed','2017-11-28 18:34:08','C',946,'한동현',0,5),('201611845',199,'TimeOver','2017-11-28 18:34:46','Java',947,'임소현',0,5),('201311708',202,'TimeOver','2017-11-28 18:34:53','Java',948,'박성우',0,5),('201611845',199,'TimeOver','2017-11-28 18:34:56','Java',949,'임소현',0,5),('201311708',202,'TimeOver','2017-11-28 18:35:41','Java',950,'박성우',0,5),('201311720',199,'Failed','2017-11-28 18:36:21','C',951,'손승욱',4,5),('201311729',199,'TimeOver','2017-11-28 18:36:26','Java',952,'오선택',0,5),('201311708',202,'CompileError','2017-11-28 18:37:41','C',953,'박성우',0,5),('201713832',201,'Failed','2017-11-28 18:37:44','C',954,'박우현',0,5),('201215452',199,'Failed','2017-11-28 18:37:58','Java',955,'강영우',0,5),('201713832',199,'Failed','2017-11-28 18:38:13','C',956,'박우현',3,5),('201215452',199,'Complete','2017-11-28 18:38:40','Java',957,'강영우',5,5),('201215452',199,'Complete','2017-11-28 18:38:52','Java',958,'강영우',5,5),('201611845',199,'TimeOver','2017-11-28 18:39:30','Java',959,'임소현',0,5),('201611845',199,'TimeOver','2017-11-28 18:39:49','Java',960,'임소현',0,5),('201713832',199,'Failed','2017-11-28 18:39:52','C',961,'박우현',3,5),('201713832',199,'Failed','2017-11-28 18:41:56','C',962,'박우현',0,5),('201713832',199,'Complete','2017-11-28 18:42:13','C',963,'박우현',5,5),('201215695',201,'Complete','2017-11-28 18:43:49','Java',964,'이찬영',5,5),('201511825',201,'Complete','2017-11-28 18:44:55','C',965,'성영훈',5,5),('201411686',199,'Failed','2017-11-28 18:45:18','Java',966,'김건욱',3,5),('201713890',200,'CompileError','2017-11-28 18:47:42','C',967,'안성수',0,5),('201411686',199,'Failed','2017-11-28 18:48:02','Java',968,'김건욱',1,5),('201713890',200,'Failed','2017-11-28 18:48:12','C',969,'안성수',0,5),('201411686',199,'Failed','2017-11-28 18:48:18','Java',970,'김건욱',1,5),('201411686',199,'Failed','2017-11-28 18:49:24','Java',971,'김건욱',1,5),('201713890',200,'CompileError','2017-11-28 18:49:59','C',972,'안성수',0,5),('201713890',200,'Failed','2017-11-28 18:50:13','C',973,'안성수',0,5),('201714042',199,'TimeOver','2017-11-28 18:50:23','C',974,'최준규',0,5),('201215742',202,'Failed','2017-11-28 18:51:16','Java',975,'조용일',0,5),('201713890',200,'Failed','2017-11-28 18:51:25','C',976,'안성수',0,5),('201215742',202,'Failed','2017-11-28 18:51:26','Java',977,'조용일',0,5),('201411683',199,'CompileError','2017-11-28 18:51:32','C',978,'권영미',0,5),('201611824',200,'Failed','2017-11-28 18:51:34','Java',979,'이규성',2,5),('201215742',202,'Failed','2017-11-28 18:51:48','Java',980,'조용일',0,5),('201714042',199,'TimeOver','2017-11-28 18:51:49','C',981,'최준규',0,5),('201714042',199,'TimeOver','2017-11-28 18:51:58','C',982,'최준규',0,5),('201714042',199,'TimeOver','2017-11-28 18:52:12','C',983,'최준규',0,5),('201714042',199,'TimeOver','2017-11-28 18:52:34','C',984,'최준규',0,5),('201611824',200,'Failed','2017-11-28 18:52:36','Java',985,'이규성',0,5),('201411682',201,'Complete','2017-11-28 18:52:43','Java',986,'강경웅',5,5),('201714042',199,'TimeOver','2017-11-28 18:52:56','C',987,'최준규',0,5),('201714042',199,'TimeOver','2017-11-28 18:53:05','C',988,'최준규',0,5),('201611824',200,'Complete','2017-11-28 18:53:35','Java',989,'이규성',5,5),('201411686',199,'Complete','2017-11-28 18:53:48','Java',990,'김건욱',5,5),('201610010',200,'Failed','2017-11-28 18:53:55','Java',991,'송인봉',0,5),('201713890',200,'Failed','2017-11-28 18:55:22','C',992,'안성수',0,5),('201511810',200,'Failed','2017-11-28 18:55:54','C',993,'노경호',4,5),('201714042',199,'TimeOver','2017-11-28 18:55:59','C',994,'최준규',0,5),('201714042',199,'TimeOver','2017-11-28 18:56:08','C',995,'최준규',0,5),('201714042',199,'TimeOver','2017-11-28 18:56:26','C',996,'최준규',0,5),('201511810',200,'Failed','2017-11-28 18:56:48','C',997,'노경호',4,5),('201611845',199,'CompileError','2017-11-28 18:57:09','C',998,'임소현',0,5),('201411683',199,'Failed','2017-11-28 18:57:21','Java',999,'권영미',0,5),('201611845',199,'TimeOver','2017-11-28 18:57:22','Java',1000,'임소현',0,5),('201215735',199,'Complete','2017-11-28 18:57:24','C',1001,'조명원',5,5),('201713890',200,'Failed','2017-11-28 18:57:33','C',1002,'안성수',0,5),('201215695',202,'Failed','2017-11-28 18:57:34','Java',1003,'이찬영',2,5),('201311720',199,'Failed','2017-11-28 18:57:42','C',1004,'손승욱',3,5),('201311720',199,'Failed','2017-11-28 18:58:15','C',1005,'손승욱',3,5),('201411683',199,'Failed','2017-11-28 18:58:38','Java',1006,'권영미',0,5),('201311720',199,'Failed','2017-11-28 18:58:49','C',1007,'손승욱',3,5),('201311720',199,'Failed','2017-11-28 18:59:28','C',1008,'손승욱',3,5),('201713890',200,'Failed','2017-11-28 19:00:29','C',1009,'안성수',1,5),('201714042',199,'Failed','2017-11-28 19:00:46','C',1010,'최준규',2,5),('201611815',200,'Complete','2017-11-28 19:01:12','C',1011,'신병철',5,5),('201411724',200,'Failed','2017-11-28 19:01:27','Java',1012,'박지산',4,5),('201411724',200,'Failed','2017-11-28 19:01:51','Java',1013,'박지산',4,5),('201311708',202,'TimeOver','2017-11-28 19:02:12','Java',1014,'박성우',0,5),('201311708',202,'TimeOver','2017-11-28 19:02:22','Java',1015,'박성우',0,5),('201611815',201,'Failed','2017-11-28 19:02:29','C',1016,'신병철',2,5),('201311720',199,'Failed','2017-11-28 19:02:32','C',1017,'손승욱',3,5),('201215695',202,'Failed','2017-11-28 19:03:14','Java',1018,'이찬영',4,5),('201411724',200,'Failed','2017-11-28 19:03:33','Java',1019,'박지산',4,5),('201411724',200,'Failed','2017-11-28 19:04:23','Java',1020,'박지산',4,5),('201410609',200,'Failed','2017-11-28 19:04:48','Java',1021,'김하은',2,5),('201215695',202,'Failed','2017-11-28 19:04:51','Java',1022,'이찬영',4,5),('201611858',200,'Failed','2017-11-28 19:05:23','C',1023,'조준식',3,5),('201714042',199,'Complete','2017-11-28 19:05:30','C',1024,'최준규',5,5),('201410609',200,'Failed','2017-11-28 19:05:51','Java',1025,'김하은',1,5),('201410609',200,'Failed','2017-11-28 19:06:20','Java',1026,'김하은',2,5),('201511825',202,'TimeOver','2017-11-28 19:06:45','C',1027,'성영훈',0,5),('201311729',202,'TimeOver','2017-11-28 19:07:19','Java',1028,'오선택',0,5),('201410609',200,'Failed','2017-11-28 19:07:27','Java',1029,'김하은',0,5),('201411683',199,'Failed','2017-11-28 19:07:38','Java',1030,'권영미',0,5),('201610010',200,'Failed','2017-11-28 19:08:33','Java',1031,'송인봉',1,5),('201714051',200,'Complete','2017-11-28 19:08:41','C',1032,'한동현',5,5),('201610010',200,'Failed','2017-11-28 19:08:59','Java',1033,'송인봉',1,5),('201511825',199,'Failed','2017-11-28 19:09:05','C',1034,'성영훈',3,5),('201411683',199,'Failed','2017-11-28 19:09:20','Java',1035,'권영미',0,5),('201215742',202,'CompileError','2017-11-28 19:09:31','Java',1036,'조용일',0,5),('201713741',202,'Complete','2017-11-28 19:09:33','C',1037,'김동진',5,5),('201610010',200,'Failed','2017-11-28 19:09:47','Java',1038,'송인봉',3,5),('201411683',199,'Failed','2017-11-28 19:09:52','Java',1039,'권영미',0,5),('201610010',200,'Failed','2017-11-28 19:09:56','Java',1040,'송인봉',3,5),('201215742',202,'Failed','2017-11-28 19:09:56','Java',1041,'조용일',1,5),('201610010',200,'Failed','2017-11-28 19:10:00','Java',1042,'송인봉',3,5),('201511825',199,'Failed','2017-11-28 19:10:51','C',1043,'성영훈',3,5),('201215742',202,'TimeOver','2017-11-28 19:11:43','Java',1044,'조용일',0,5),('201215695',202,'Complete','2017-11-28 19:11:55','Java',1045,'이찬영',5,5),('201215742',202,'TimeOver','2017-11-28 19:12:05','Java',1046,'조용일',0,5),('201610010',200,'Failed','2017-11-28 19:12:07','Java',1047,'송인봉',3,5),('201311708',202,'TimeOver','2017-11-28 19:12:36','Java',1048,'박성우',0,5),('201713832',201,'Failed','2017-11-28 19:13:00','C',1049,'박우현',0,5),('201713890',200,'CompileError','2017-11-28 19:13:19','C',1050,'안성수',0,5),('201713890',200,'CompileError','2017-11-28 19:13:33','C',1051,'안성수',0,5),('201713890',200,'CompileError','2017-11-28 19:13:41','C',1052,'안성수',0,5),('201713890',200,'Failed','2017-11-28 19:13:59','C',1053,'안성수',0,5),('201610010',200,'Failed','2017-11-28 19:14:13','Java',1054,'송인봉',3,5),('201611858',200,'Failed','2017-11-28 19:14:21','C',1055,'조준식',3,5),('201311729',202,'Failed','2017-11-28 19:14:24','Java',1056,'오선택',3,5),('201311729',202,'Failed','2017-11-28 19:14:37','Java',1057,'오선택',3,5),('201311729',202,'Failed','2017-11-28 19:14:48','Java',1058,'오선택',3,5),('201215742',202,'TimeOver','2017-11-28 19:14:52','Java',1059,'조용일',0,5),('201311729',202,'Failed','2017-11-28 19:14:56','Java',1060,'오선택',3,5),('201713890',200,'Failed','2017-11-28 19:15:08','C',1061,'안성수',0,5),('201610010',200,'Failed','2017-11-28 19:15:44','Java',1062,'송인봉',3,5),('201311729',202,'Failed','2017-11-28 19:15:44','Java',1063,'오선택',3,5),('201713832',201,'Failed','2017-11-28 19:15:46','C',1064,'박우현',0,5),('201311729',202,'Failed','2017-11-28 19:16:15','Java',1065,'오선택',3,5),('201511825',199,'Complete','2017-11-28 19:16:30','C',1066,'성영훈',5,5),('201311708',202,'TimeOver','2017-11-28 19:16:46','Java',1067,'박성우',0,5),('201215742',202,'TimeOver','2017-11-28 19:17:15','Java',1068,'조용일',0,5),('201610010',200,'Failed','2017-11-28 19:17:37','Java',1069,'송인봉',3,5),('201611858',200,'Failed','2017-11-28 19:17:41','C',1070,'조준식',0,5),('201215742',202,'TimeOver','2017-11-28 19:17:42','Java',1071,'조용일',0,5),('201610010',200,'Failed','2017-11-28 19:17:46','Java',1072,'송인봉',3,5),('201311729',202,'Failed','2017-11-28 19:18:05','Java',1073,'오선택',3,5),('201311708',202,'CompileError','2017-11-28 19:18:14','C',1074,'박성우',0,5),('201311708',202,'CompileError','2017-11-28 19:18:23','C',1075,'박성우',0,5),('201511825',200,'Failed','2017-11-28 19:19:09','C',1076,'성영훈',3,5),('201311708',202,'TimeOver','2017-11-28 19:19:10','Java',1077,'박성우',0,5),('201311729',202,'CompileError','2017-11-28 19:19:21','C',1078,'오선택',0,5),('201511825',200,'Complete','2017-11-28 19:19:25','C',1079,'성영훈',5,5),('201311729',202,'CompileError','2017-11-28 19:19:27','C',1080,'오선택',0,5),('201411724',200,'Failed','2017-11-28 19:19:27','Java',1081,'박지산',4,5),('201610010',200,'Failed','2017-11-28 19:19:42','Java',1082,'송인봉',3,5),('201311729',202,'Failed','2017-11-28 19:19:44','Java',1083,'오선택',3,5),('201610010',200,'Failed','2017-11-28 19:19:53','Java',1084,'송인봉',3,5),('201411724',200,'Failed','2017-11-28 19:20:12','Java',1085,'박지산',4,5),('201713857',199,'Failed','2017-11-28 19:20:16','C',1086,'서주원',2,5),('201610010',200,'Complete','2017-11-28 19:20:32','Java',1087,'송인봉',5,5),('201311729',202,'Failed','2017-11-28 19:20:57','Java',1088,'오선택',1,5),('201215742',202,'TimeOver','2017-11-28 19:21:10','Java',1089,'조용일',0,5),('201311729',202,'Failed','2017-11-28 19:21:22','Java',1090,'오선택',3,5),('201215742',202,'TimeOver','2017-11-28 19:21:22','Java',1091,'조용일',0,5),('201713857',199,'Failed','2017-11-28 19:21:25','C',1092,'서주원',2,5),('201311729',202,'Failed','2017-11-28 19:21:41','Java',1093,'오선택',3,5),('201411724',200,'Complete','2017-11-28 19:21:54','Java',1094,'박지산',5,5),('201215452',200,'CompileError','2017-11-28 19:22:03','C',1095,'강영우',0,5),('201215452',200,'CompileError','2017-11-28 19:22:10','C',1096,'강영우',0,5),('201611858',200,'Failed','2017-11-28 19:22:13','C',1097,'조준식',3,5),('201215452',200,'Failed','2017-11-28 19:22:18','Java',1098,'강영우',0,5),('201611858',200,'Failed','2017-11-28 19:22:29','C',1099,'조준식',3,5),('201611858',200,'Failed','2017-11-28 19:22:42','C',1100,'조준식',3,5),('201611858',200,'Failed','2017-11-28 19:23:00','C',1101,'조준식',3,5),('201611858',200,'Failed','2017-11-28 19:23:23','C',1102,'조준식',3,5),('201611858',200,'Failed','2017-11-28 19:23:37','C',1103,'조준식',3,5),('201611858',200,'Failed','2017-11-28 19:24:56','C',1104,'조준식',3,5),('201611858',200,'Failed','2017-11-28 19:25:09','C',1105,'조준식',0,5),('201411686',200,'Failed','2017-11-28 19:25:34','Java',1106,'김건욱',1,5),('201215742',202,'TimeOver','2017-11-28 19:25:56','Java',1107,'조용일',0,5),('201611845',199,'TimeOver','2017-11-28 19:26:22','Java',1108,'임소현',0,5),('201311729',199,'TimeOver','2017-11-28 19:26:36','Java',1109,'오선택',0,5),('201215742',202,'TimeOver','2017-11-28 19:27:09','Java',1110,'조용일',0,5),('201713890',200,'Failed','2017-11-28 19:27:15','C',1111,'안성수',0,5),('201311729',199,'Failed','2017-11-28 19:27:16','Java',1112,'오선택',3,5),('201311729',199,'Failed','2017-11-28 19:27:33','Java',1113,'오선택',3,5),('201215742',202,'TimeOver','2017-11-28 19:27:34','Java',1114,'조용일',0,5),('201311729',199,'Failed','2017-11-28 19:27:44','Java',1115,'오선택',3,5),('201611824',201,'Failed','2017-11-28 19:27:45','Java',1116,'이규성',0,5),('201311729',199,'Failed','2017-11-28 19:27:55','Java',1117,'오선택',3,5),('201311729',199,'Failed','2017-11-28 19:28:05','Java',1118,'오선택',3,5),('201713890',200,'Failed','2017-11-28 19:28:17','C',1119,'안성수',0,5),('201311729',199,'Failed','2017-11-28 19:28:26','Java',1120,'오선택',3,5),('201311729',199,'TimeOver','2017-11-28 19:28:39','Java',1121,'오선택',0,5),('201311729',199,'Failed','2017-11-28 19:28:47','Java',1122,'오선택',3,5),('201311729',199,'Failed','2017-11-28 19:29:02','Java',1123,'오선택',3,5),('201411686',200,'Failed','2017-11-28 19:29:19','Java',1124,'김건욱',1,5),('201311729',199,'CompileError','2017-11-28 19:29:22','Java',1125,'오선택',0,5),('201311718',200,'Complete','2017-11-28 19:29:31','Java',1126,'부권남',5,5),('201311718',200,'Complete','2017-11-28 19:29:36','Java',1127,'부권남',5,5),('201611844',199,'Failed','2017-11-28 19:29:42','C',1128,'이혜린',2,5),('201713890',200,'Failed','2017-11-28 19:29:43','C',1129,'안성수',0,5),('201611824',201,'TimeOver','2017-11-28 19:29:47','Java',1130,'이규성',0,5),('201311729',199,'CompileError','2017-11-28 19:29:52','Java',1131,'오선택',0,5),('201511825',202,'TimeOver','2017-11-28 19:29:59','C',1132,'성영훈',0,5),('201713890',200,'Failed','2017-11-28 19:30:01','C',1133,'안성수',0,5),('201713832',188,'Complete','2017-11-29 03:27:44','C',1134,'박우현',5,5),('201713832',190,'Failed','2017-11-29 03:55:46','C',1135,'박우현',2,5),('201713832',189,'Failed','2017-11-29 03:56:28','C',1136,'박우현',0,5),('201713832',189,'Failed','2017-11-29 03:56:59','C',1137,'박우현',0,5),('201713832',190,'Failed','2017-11-29 03:57:45','C',1138,'박우현',2,5),('201713832',190,'Failed','2017-11-29 03:59:02','C',1139,'박우현',2,5),('201713832',190,'Failed','2017-11-29 03:59:58','C',1140,'박우현',0,5),('201713832',190,'TimeOver','2017-11-29 04:00:22','C',1141,'박우현',0,5),('201713832',190,'Failed','2017-11-29 04:01:12','C',1142,'박우현',2,5),('201311687',206,'Failed','2018-01-14 18:47:01','Java',1143,'김우성',0,1),('201311687',206,'TimeOver','2018-01-14 18:47:05','Java',1144,'김우성',0,1),('201311687',206,'Failed','2018-01-14 18:48:22','Java',1145,'김우성',0,1),('201311687',206,'Failed','2018-01-14 18:50:01','Java',1146,'김우성',0,1),('201311687',206,'Failed','2018-01-14 18:50:48','Java',1147,'김우성',0,1),('201311687',206,'Failed','2018-01-14 18:51:01','Java',1148,'김우성',0,1),('201311687',207,'Failed','2018-01-15 19:43:09','Java',1149,'김우성',0,1),('201311687',207,'Complete','2018-01-15 19:43:17','Java',1150,'김우성',1,1),('201311700',209,'CompileError','2018-01-15 20:56:01','C',1151,'김형석',0,5),('201311700',209,'Failed','2018-01-15 20:56:10','Java',1152,'김형석',0,5),('201311700',209,'Complete','2018-01-15 20:56:24','Java',1153,'김형석',5,5);
/*!40000 ALTER TABLE `userLog` ENABLE KEYS */;
UNLOCK TABLES;

--
-- Current Database: `kgu_cs_web`
--

CREATE DATABASE /*!32312 IF NOT EXISTS*/ `kgu_cs_web` /*!40100 DEFAULT CHARACTER SET latin1 */;

USE `kgu_cs_web`;
